,1049_meal,1053_meal,1059_meal,1062_meal,1069_meal
0,43.0,8,182.0,18145.0,4339.0
1,44.0,9,435.0,18146.0,7414.0
2,45.0,10,501.0,18147.0,7415.0
3,870.0,128,502.0,25854.0,7419.0
4,871.0,130,503.0,25855.0,7436.0
5,872.0,131,936.0,,7437.0
6,873.0,132,937.0,,7438.0
7,1123.0,136,938.0,,16811.0
8,1126.0,137,1401.0,,23773.0
9,1127.0,138,1403.0,,23775.0
10,1130.0,139,1409.0,,23777.0
11,1131.0,163,1444.0,,26526.0
12,1132.0,164,1494.0,,26527.0
13,1133.0,165,1521.0,,
14,1134.0,166,1522.0,,
15,1135.0,167,1526.0,,
16,1136.0,168,1536.0,,
17,1137.0,169,2525.0,,
18,1138.0,170,13552.0,,
19,1139.0,171,,,
20,1143.0,172,,,
21,7071.0,173,,,
22,7226.0,174,,,
23,7227.0,175,,,
24,,176,,,
25,,177,,,
26,,178,,,
27,,179,,,
28,,180,,,
29,,181,,,
30,,182,,,
31,,183,,,
32,,184,,,
33,,185,,,
34,,188,,,
35,,189,,,
36,,190,,,
37,,191,,,
38,,192,,,
39,,193,,,
40,,194,,,
41,,195,,,
42,,196,,,
43,,197,,,
44,,198,,,
45,,199,,,
46,,200,,,
47,,202,,,
48,,203,,,
49,,204,,,
50,,205,,,
51,,209,,,
52,,212,,,
53,,213,,,
54,,214,,,
55,,215,,,
56,,216,,,
57,,219,,,
58,,226,,,
59,,227,,,
60,,232,,,
61,,235,,,
62,,236,,,
63,,239,,,
64,,240,,,
65,,243,,,
66,,244,,,
67,,245,,,
68,,249,,,
69,,254,,,
70,,255,,,
71,,258,,,
72,,259,,,
73,,260,,,
74,,264,,,
75,,265,,,
76,,270,,,
77,,278,,,
78,,286,,,
79,,287,,,
80,,288,,,
81,,289,,,
82,,290,,,
83,,291,,,
84,,292,,,
85,,293,,,
86,,294,,,
87,,296,,,
88,,298,,,
89,,299,,,
90,,300,,,
91,,301,,,
92,,302,,,
93,,303,,,
94,,304,,,
95,,305,,,
96,,307,,,
97,,308,,,
98,,309,,,
99,,310,,,
100,,318,,,
101,,328,,,
102,,351,,,
103,,357,,,
104,,358,,,
105,,359,,,
106,,360,,,
107,,361,,,
108,,362,,,
109,,373,,,
110,,381,,,
111,,382,,,
112,,461,,,
113,,462,,,
114,,463,,,
115,,464,,,
116,,465,,,
117,,503,,,
118,,587,,,
119,,736,,,
120,,737,,,
121,,809,,,
122,,810,,,
123,,811,,,
124,,812,,,
125,,813,,,
126,,814,,,
127,,815,,,
128,,816,,,
129,,817,,,
130,,818,,,
131,,819,,,
132,,820,,,
133,,821,,,
134,,822,,,
135,,823,,,
136,,824,,,
137,,825,,,
138,,826,,,
139,,830,,,
140,,831,,,
141,,832,,,
142,,833,,,
143,,841,,,
144,,845,,,
145,,854,,,
146,,855,,,
147,,856,,,
148,,857,,,
149,,858,,,
150,,859,,,
151,,860,,,
152,,861,,,
153,,864,,,
154,,865,,,
155,,866,,,
156,,867,,,
157,,868,,,
158,,869,,,
159,,870,,,
160,,871,,,
161,,872,,,
162,,873,,,
163,,874,,,
164,,875,,,
165,,876,,,
166,,877,,,
167,,878,,,
168,,894,,,
169,,897,,,
170,,898,,,
171,,899,,,
172,,901,,,
173,,902,,,
174,,903,,,
175,,904,,,
176,,905,,,
177,,906,,,
178,,907,,,
179,,908,,,
180,,909,,,
181,,910,,,
182,,911,,,
183,,912,,,
184,,913,,,
185,,914,,,
186,,915,,,
187,,916,,,
188,,917,,,
189,,918,,,
190,,919,,,
191,,920,,,
192,,921,,,
193,,922,,,
194,,923,,,
195,,924,,,
196,,929,,,
197,,931,,,
198,,933,,,
199,,934,,,
200,,936,,,
201,,938,,,
202,,939,,,
203,,940,,,
204,,941,,,
205,,943,,,
206,,944,,,
207,,945,,,
208,,946,,,
209,,947,,,
210,,948,,,
211,,950,,,
212,,952,,,
213,,957,,,
214,,958,,,
215,,959,,,
216,,960,,,
217,,961,,,
218,,962,,,
219,,963,,,
220,,965,,,
221,,966,,,
222,,967,,,
223,,1002,,,
224,,1003,,,
225,,1005,,,
226,,1007,,,
227,,1009,,,
228,,1030,,,
229,,1031,,,
230,,1032,,,
231,,1033,,,
232,,1034,,,
233,,1035,,,
234,,1036,,,
235,,1037,,,
236,,1038,,,
237,,1039,,,
238,,1041,,,
239,,1043,,,
240,,1081,,,
241,,1082,,,
242,,1083,,,
243,,1084,,,
244,,1085,,,
245,,1086,,,
246,,1087,,,
247,,1088,,,
248,,1089,,,
249,,1090,,,
250,,1091,,,
251,,1092,,,
252,,1093,,,
253,,1094,,,
254,,1095,,,
255,,1096,,,
256,,1117,,,
257,,1118,,,
258,,1119,,,
259,,1122,,,
260,,1124,,,
261,,1127,,,
262,,1143,,,
263,,1144,,,
264,,1145,,,
265,,1146,,,
266,,1147,,,
267,,1148,,,
268,,1149,,,
269,,1150,,,
270,,1151,,,
271,,1152,,,
272,,1153,,,
273,,1154,,,
274,,1155,,,
275,,1156,,,
276,,1157,,,
277,,1158,,,
278,,1159,,,
279,,1160,,,
280,,1163,,,
281,,1164,,,
282,,1165,,,
283,,1167,,,
284,,1168,,,
285,,1169,,,
286,,1170,,,
287,,1171,,,
288,,1172,,,
289,,1173,,,
290,,1174,,,
291,,1175,,,
292,,1176,,,
293,,1177,,,
294,,1178,,,
295,,1182,,,
296,,1183,,,
297,,1184,,,
298,,1185,,,
299,,1186,,,
300,,1187,,,
301,,1188,,,
302,,1190,,,
303,,1210,,,
304,,1211,,,
305,,1212,,,
306,,1222,,,
307,,1231,,,
308,,1237,,,
309,,1238,,,
310,,1257,,,
311,,1258,,,
312,,1261,,,
313,,1262,,,
314,,1267,,,
315,,1321,,,
316,,1322,,,
317,,1344,,,
318,,1345,,,
319,,1366,,,
320,,1367,,,
321,,1368,,,
322,,1369,,,
323,,1371,,,
324,,1372,,,
325,,1373,,,
326,,1374,,,
327,,1377,,,
328,,1384,,,
329,,1385,,,
330,,1386,,,
331,,1388,,,
332,,1392,,,
333,,1393,,,
334,,1394,,,
335,,1395,,,
336,,1396,,,
337,,1397,,,
338,,1399,,,
339,,1400,,,
340,,1401,,,
341,,1402,,,
342,,1403,,,
343,,1405,,,
344,,1407,,,
345,,1409,,,
346,,1410,,,
347,,1411,,,
348,,1412,,,
349,,1413,,,
350,,1415,,,
351,,1416,,,
352,,1417,,,
353,,1418,,,
354,,1420,,,
355,,1421,,,
356,,1423,,,
357,,1424,,,
358,,1425,,,
359,,1428,,,
360,,1429,,,
361,,1430,,,
362,,1438,,,
363,,1445,,,
364,,1448,,,
365,,1449,,,
366,,1450,,,
367,,1451,,,
368,,1452,,,
369,,1453,,,
370,,1454,,,
371,,1458,,,
372,,1461,,,
373,,1462,,,
374,,1580,,,
375,,1581,,,
376,,1582,,,
377,,1584,,,
378,,1617,,,
379,,1618,,,
380,,1619,,,
381,,1620,,,
382,,1621,,,
383,,1623,,,
384,,1626,,,
385,,1627,,,
386,,1628,,,
387,,1629,,,
388,,1630,,,
389,,1631,,,
390,,1632,,,
391,,1633,,,
392,,1634,,,
393,,1640,,,
394,,1642,,,
395,,1651,,,
396,,1652,,,
397,,1655,,,
398,,1656,,,
399,,1657,,,
400,,1658,,,
401,,1659,,,
402,,1660,,,
403,,1661,,,
404,,1663,,,
405,,1664,,,
406,,1691,,,
407,,1698,,,
408,,1736,,,
409,,1739,,,
410,,1740,,,
411,,1741,,,
412,,1742,,,
413,,1743,,,
414,,1744,,,
415,,1745,,,
416,,1747,,,
417,,1748,,,
418,,1749,,,
419,,1753,,,
420,,1754,,,
421,,1755,,,
422,,1756,,,
423,,1757,,,
424,,1760,,,
425,,1761,,,
426,,1764,,,
427,,1765,,,
428,,1766,,,
429,,1767,,,
430,,1768,,,
431,,1770,,,
432,,1772,,,
433,,1786,,,
434,,1795,,,
435,,1798,,,
436,,1799,,,
437,,1800,,,
438,,1803,,,
439,,1804,,,
440,,1805,,,
441,,1806,,,
442,,1807,,,
443,,1808,,,
444,,1809,,,
445,,1810,,,
446,,1812,,,
447,,1813,,,
448,,1814,,,
449,,1815,,,
450,,1816,,,
451,,1817,,,
452,,1818,,,
453,,1819,,,
454,,1820,,,
455,,1821,,,
456,,1822,,,
457,,1823,,,
458,,1824,,,
459,,1825,,,
460,,1826,,,
461,,1830,,,
462,,1831,,,
463,,1832,,,
464,,1891,,,
465,,1892,,,
466,,1893,,,
467,,1894,,,
468,,1902,,,
469,,1904,,,
470,,1906,,,
471,,1907,,,
472,,1908,,,
473,,1915,,,
474,,1916,,,
475,,1917,,,
476,,1922,,,
477,,1924,,,
478,,1925,,,
479,,1926,,,
480,,1927,,,
481,,1933,,,
482,,1935,,,
483,,1936,,,
484,,1937,,,
485,,1938,,,
486,,1939,,,
487,,1940,,,
488,,1941,,,
489,,1942,,,
490,,1943,,,
491,,1944,,,
492,,1945,,,
493,,1946,,,
494,,1947,,,
495,,1948,,,
496,,1949,,,
497,,1950,,,
498,,1951,,,
499,,1952,,,
500,,1953,,,
501,,1954,,,
502,,1955,,,
503,,1956,,,
504,,1957,,,
505,,1958,,,
506,,1971,,,
507,,2015,,,
508,,2016,,,
509,,2017,,,
510,,2018,,,
511,,2019,,,
512,,2020,,,
513,,2021,,,
514,,2022,,,
515,,2023,,,
516,,2029,,,
517,,2030,,,
518,,2031,,,
519,,2032,,,
520,,2033,,,
521,,2034,,,
522,,2035,,,
523,,2036,,,
524,,2037,,,
525,,2039,,,
526,,2040,,,
527,,2041,,,
528,,2060,,,
529,,2061,,,
530,,2075,,,
531,,2083,,,
532,,2084,,,
533,,2091,,,
534,,2092,,,
535,,2103,,,
536,,2106,,,
537,,2107,,,
538,,2108,,,
539,,2109,,,
540,,2115,,,
541,,2116,,,
542,,2117,,,
543,,2118,,,
544,,2119,,,
545,,2120,,,
546,,2121,,,
547,,2123,,,
548,,2124,,,
549,,2125,,,
550,,2126,,,
551,,2127,,,
552,,2128,,,
553,,2129,,,
554,,2130,,,
555,,2131,,,
556,,2132,,,
557,,2133,,,
558,,2134,,,
559,,2135,,,
560,,2136,,,
561,,2137,,,
562,,2141,,,
563,,2142,,,
564,,2145,,,
565,,2146,,,
566,,2147,,,
567,,2148,,,
568,,2149,,,
569,,2150,,,
570,,2151,,,
571,,2152,,,
572,,2153,,,
573,,2154,,,
574,,2155,,,
575,,2156,,,
576,,2157,,,
577,,2158,,,
578,,2159,,,
579,,2160,,,
580,,2161,,,
581,,2162,,,
582,,2163,,,
583,,2164,,,
584,,2165,,,
585,,2166,,,
586,,2167,,,
587,,2168,,,
588,,2169,,,
589,,2170,,,
590,,2171,,,
591,,2172,,,
592,,2173,,,
593,,2174,,,
594,,2175,,,
595,,2176,,,
596,,2177,,,
597,,2178,,,
598,,2179,,,
599,,2180,,,
600,,2182,,,
601,,2183,,,
602,,2184,,,
603,,2185,,,
604,,2186,,,
605,,2187,,,
606,,2188,,,
607,,2189,,,
608,,2190,,,
609,,2191,,,
610,,2192,,,
611,,2193,,,
612,,2194,,,
613,,2195,,,
614,,2196,,,
615,,2197,,,
616,,2198,,,
617,,2199,,,
618,,2200,,,
619,,2201,,,
620,,2202,,,
621,,2203,,,
622,,2204,,,
623,,2205,,,
624,,2206,,,
625,,2207,,,
626,,2209,,,
627,,2210,,,
628,,2217,,,
629,,2220,,,
630,,2221,,,
631,,2222,,,
632,,2223,,,
633,,2250,,,
634,,2266,,,
635,,2267,,,
636,,2345,,,
637,,2346,,,
638,,2347,,,
639,,2348,,,
640,,2349,,,
641,,2350,,,
642,,2351,,,
643,,2352,,,
644,,2353,,,
645,,2354,,,
646,,2355,,,
647,,2356,,,
648,,2357,,,
649,,2358,,,
650,,2359,,,
651,,2360,,,
652,,2361,,,
653,,2362,,,
654,,2363,,,
655,,2369,,,
656,,2370,,,
657,,2371,,,
658,,2372,,,
659,,2373,,,
660,,2374,,,
661,,2375,,,
662,,2376,,,
663,,2377,,,
664,,2378,,,
665,,2379,,,
666,,2381,,,
667,,2382,,,
668,,2384,,,
669,,2385,,,
670,,2386,,,
671,,2387,,,
672,,2389,,,
673,,2390,,,
674,,2391,,,
675,,2392,,,
676,,2393,,,
677,,2395,,,
678,,2396,,,
679,,2397,,,
680,,2398,,,
681,,2402,,,
682,,2422,,,
683,,2427,,,
684,,2428,,,
685,,2432,,,
686,,2433,,,
687,,2435,,,
688,,2440,,,
689,,2445,,,
690,,2446,,,
691,,2447,,,
692,,2505,,,
693,,2506,,,
694,,2508,,,
695,,2509,,,
696,,2511,,,
697,,2512,,,
698,,2513,,,
699,,2514,,,
700,,2515,,,
701,,2524,,,
702,,2525,,,
703,,2526,,,
704,,2527,,,
705,,2528,,,
706,,2529,,,
707,,2530,,,
708,,2607,,,
709,,2610,,,
710,,2611,,,
711,,2612,,,
712,,2614,,,
713,,2615,,,
714,,2616,,,
715,,2617,,,
716,,2618,,,
717,,2619,,,
718,,2620,,,
719,,2621,,,
720,,2622,,,
721,,2623,,,
722,,2624,,,
723,,2625,,,
724,,2626,,,
725,,2627,,,
726,,2628,,,
727,,2629,,,
728,,2630,,,
729,,2631,,,
730,,2632,,,
731,,2633,,,
732,,2634,,,
733,,2635,,,
734,,2636,,,
735,,2637,,,
736,,2638,,,
737,,2639,,,
738,,2640,,,
739,,2641,,,
740,,2642,,,
741,,2643,,,
742,,2644,,,
743,,2645,,,
744,,2646,,,
745,,2647,,,
746,,2648,,,
747,,2649,,,
748,,2650,,,
749,,2651,,,
750,,2652,,,
751,,2653,,,
752,,2654,,,
753,,2655,,,
754,,2656,,,
755,,2657,,,
756,,2658,,,
757,,2659,,,
758,,2660,,,
759,,2661,,,
760,,2662,,,
761,,2663,,,
762,,2664,,,
763,,2665,,,
764,,2666,,,
765,,2667,,,
766,,2668,,,
767,,2669,,,
768,,2673,,,
769,,2674,,,
770,,2675,,,
771,,2676,,,
772,,2677,,,
773,,2678,,,
774,,2679,,,
775,,2680,,,
776,,2682,,,
777,,2683,,,
778,,2684,,,
779,,2685,,,
780,,2686,,,
781,,2687,,,
782,,2688,,,
783,,2689,,,
784,,2690,,,
785,,2691,,,
786,,2696,,,
787,,2710,,,
788,,2711,,,
789,,2712,,,
790,,2714,,,
791,,2715,,,
792,,2716,,,
793,,2717,,,
794,,2718,,,
795,,2719,,,
796,,2720,,,
797,,2721,,,
798,,2722,,,
799,,2723,,,
800,,2724,,,
801,,2725,,,
802,,2726,,,
803,,2727,,,
804,,2728,,,
805,,2729,,,
806,,2730,,,
807,,2731,,,
808,,2732,,,
809,,2733,,,
810,,2734,,,
811,,2748,,,
812,,2749,,,
813,,2750,,,
814,,2755,,,
815,,2756,,,
816,,2757,,,
817,,2758,,,
818,,2759,,,
819,,2770,,,
820,,2785,,,
821,,2786,,,
822,,2788,,,
823,,2789,,,
824,,2790,,,
825,,2791,,,
826,,2792,,,
827,,2793,,,
828,,2794,,,
829,,2795,,,
830,,2796,,,
831,,2797,,,
832,,2798,,,
833,,2810,,,
834,,2812,,,
835,,2814,,,
836,,2815,,,
837,,2816,,,
838,,2817,,,
839,,2818,,,
840,,2819,,,
841,,2820,,,
842,,2821,,,
843,,2822,,,
844,,2823,,,
845,,2824,,,
846,,2831,,,
847,,2832,,,
848,,2833,,,
849,,2846,,,
850,,2849,,,
851,,2850,,,
852,,2851,,,
853,,2852,,,
854,,2854,,,
855,,2855,,,
856,,2856,,,
857,,2857,,,
858,,2858,,,
859,,2859,,,
860,,2860,,,
861,,2861,,,
862,,2862,,,
863,,2863,,,
864,,2864,,,
865,,2865,,,
866,,2866,,,
867,,2867,,,
868,,2868,,,
869,,2869,,,
870,,2870,,,
871,,2871,,,
872,,2872,,,
873,,2873,,,
874,,2874,,,
875,,2875,,,
876,,2876,,,
877,,2877,,,
878,,2878,,,
879,,2879,,,
880,,2880,,,
881,,2881,,,
882,,2882,,,
883,,2883,,,
884,,2909,,,
885,,2911,,,
886,,2912,,,
887,,2913,,,
888,,2915,,,
889,,2917,,,
890,,2918,,,
891,,2919,,,
892,,2920,,,
893,,2921,,,
894,,2922,,,
895,,2923,,,
896,,2924,,,
897,,2926,,,
898,,2927,,,
899,,2928,,,
900,,2930,,,
901,,2931,,,
902,,2932,,,
903,,2933,,,
904,,2934,,,
905,,2935,,,
906,,2936,,,
907,,2937,,,
908,,2938,,,
909,,2939,,,
910,,2940,,,
911,,2941,,,
912,,2942,,,
913,,2943,,,
914,,2944,,,
915,,2945,,,
916,,2946,,,
917,,2947,,,
918,,2948,,,
919,,2949,,,
920,,2950,,,
921,,2951,,,
922,,2952,,,
923,,2953,,,
924,,2954,,,
925,,2955,,,
926,,2956,,,
927,,2957,,,
928,,2958,,,
929,,2959,,,
930,,2960,,,
931,,2961,,,
932,,2962,,,
933,,2963,,,
934,,2964,,,
935,,2965,,,
936,,2966,,,
937,,2967,,,
938,,2968,,,
939,,2969,,,
940,,2970,,,
941,,2971,,,
942,,2972,,,
943,,2982,,,
944,,2983,,,
945,,2984,,,
946,,2985,,,
947,,2986,,,
948,,2987,,,
949,,2988,,,
950,,2989,,,
951,,2990,,,
952,,2991,,,
953,,2992,,,
954,,2993,,,
955,,2994,,,
956,,2998,,,
957,,3005,,,
958,,3006,,,
959,,3033,,,
960,,3069,,,
961,,3073,,,
962,,3074,,,
963,,3075,,,
964,,3076,,,
965,,3077,,,
966,,3078,,,
967,,3079,,,
968,,3080,,,
969,,3081,,,
970,,3082,,,
971,,3083,,,
972,,3084,,,
973,,3085,,,
974,,3086,,,
975,,3087,,,
976,,3088,,,
977,,3089,,,
978,,3090,,,
979,,3091,,,
980,,3092,,,
981,,3093,,,
982,,3094,,,
983,,3095,,,
984,,3096,,,
985,,3097,,,
986,,3098,,,
987,,3101,,,
988,,3102,,,
989,,3103,,,
990,,3104,,,
991,,3105,,,
992,,3106,,,
993,,3107,,,
994,,3108,,,
995,,3109,,,
996,,3110,,,
997,,3111,,,
998,,3112,,,
999,,3113,,,
1000,,3114,,,
1001,,3115,,,
1002,,3116,,,
1003,,3117,,,
1004,,3118,,,
1005,,3119,,,
1006,,3120,,,
1007,,3121,,,
1008,,3122,,,
1009,,3123,,,
1010,,3124,,,
1011,,3125,,,
1012,,3126,,,
1013,,3127,,,
1014,,3128,,,
1015,,3129,,,
1016,,3130,,,
1017,,3131,,,
1018,,3135,,,
1019,,3136,,,
1020,,3137,,,
1021,,3138,,,
1022,,3139,,,
1023,,3140,,,
1024,,3141,,,
1025,,3142,,,
1026,,3143,,,
1027,,3144,,,
1028,,3145,,,
1029,,3146,,,
1030,,3147,,,
1031,,3148,,,
1032,,3149,,,
1033,,3150,,,
1034,,3151,,,
1035,,3152,,,
1036,,3153,,,
1037,,3158,,,
1038,,3159,,,
1039,,3167,,,
1040,,3168,,,
1041,,3169,,,
1042,,3170,,,
1043,,3171,,,
1044,,3172,,,
1045,,3173,,,
1046,,3174,,,
1047,,3175,,,
1048,,3176,,,
1049,,3177,,,
1050,,3178,,,
1051,,3179,,,
1052,,3180,,,
1053,,3181,,,
1054,,3182,,,
1055,,3183,,,
1056,,3184,,,
1057,,3185,,,
1058,,3186,,,
1059,,3187,,,
1060,,3188,,,
1061,,3189,,,
1062,,3190,,,
1063,,3191,,,
1064,,3192,,,
1065,,3194,,,
1066,,3195,,,
1067,,3196,,,
1068,,3197,,,
1069,,3199,,,
1070,,3201,,,
1071,,3202,,,
1072,,3203,,,
1073,,3204,,,
1074,,3206,,,
1075,,3207,,,
1076,,3208,,,
1077,,3209,,,
1078,,3210,,,
1079,,3211,,,
1080,,3212,,,
1081,,3213,,,
1082,,3214,,,
1083,,3215,,,
1084,,3216,,,
1085,,3217,,,
1086,,3218,,,
1087,,3219,,,
1088,,3220,,,
1089,,3221,,,
1090,,3222,,,
1091,,3223,,,
1092,,3224,,,
1093,,3225,,,
1094,,3226,,,
1095,,3227,,,
1096,,3228,,,
1097,,3229,,,
1098,,3230,,,
1099,,3231,,,
1100,,3232,,,
1101,,3233,,,
1102,,3234,,,
1103,,3235,,,
1104,,3236,,,
1105,,3237,,,
1106,,3238,,,
1107,,3239,,,
1108,,3240,,,
1109,,3241,,,
1110,,3242,,,
1111,,3243,,,
1112,,3244,,,
1113,,3245,,,
1114,,3246,,,
1115,,3248,,,
1116,,3250,,,
1117,,3251,,,
1118,,3261,,,
1119,,3264,,,
1120,,3266,,,
1121,,3388,,,
1122,,3389,,,
1123,,3393,,,
1124,,3394,,,
1125,,3395,,,
1126,,3396,,,
1127,,3397,,,
1128,,3398,,,
1129,,3399,,,
1130,,3400,,,
1131,,3401,,,
1132,,3402,,,
1133,,3403,,,
1134,,3404,,,
1135,,3405,,,
1136,,3406,,,
1137,,3407,,,
1138,,3408,,,
1139,,3409,,,
1140,,3410,,,
1141,,3411,,,
1142,,3412,,,
1143,,3413,,,
1144,,3414,,,
1145,,3415,,,
1146,,3416,,,
1147,,3417,,,
1148,,3418,,,
1149,,3420,,,
1150,,3421,,,
1151,,3433,,,
1152,,3435,,,
1153,,3436,,,
1154,,3437,,,
1155,,3438,,,
1156,,3453,,,
1157,,3455,,,
1158,,3457,,,
1159,,3459,,,
1160,,3460,,,
1161,,3461,,,
1162,,3464,,,
1163,,3465,,,
1164,,3466,,,
1165,,3467,,,
1166,,3468,,,
1167,,3469,,,
1168,,3470,,,
1169,,3471,,,
1170,,3472,,,
1171,,3473,,,
1172,,3474,,,
1173,,3475,,,
1174,,3476,,,
1175,,3477,,,
1176,,3478,,,
1177,,3479,,,
1178,,3480,,,
1179,,3483,,,
1180,,3484,,,
1181,,3507,,,
1182,,3508,,,
1183,,3509,,,
1184,,3510,,,
1185,,3511,,,
1186,,3512,,,
1187,,3518,,,
1188,,3520,,,
1189,,3521,,,
1190,,3522,,,
1191,,3523,,,
1192,,3524,,,
1193,,3525,,,
1194,,3527,,,
1195,,3528,,,
1196,,3529,,,
1197,,3530,,,
1198,,3531,,,
1199,,3532,,,
1200,,3533,,,
1201,,3534,,,
1202,,3535,,,
1203,,3536,,,
1204,,3537,,,
1205,,3538,,,
1206,,3539,,,
1207,,3540,,,
1208,,3541,,,
1209,,3542,,,
1210,,3543,,,
1211,,3544,,,
1212,,3545,,,
1213,,3546,,,
1214,,3547,,,
1215,,3548,,,
1216,,3549,,,
1217,,3550,,,
1218,,3551,,,
1219,,3552,,,
1220,,3553,,,
1221,,3554,,,
1222,,3555,,,
1223,,3556,,,
1224,,3557,,,
1225,,3558,,,
1226,,3559,,,
1227,,3560,,,
1228,,3561,,,
1229,,3562,,,
1230,,3563,,,
1231,,3564,,,
1232,,3565,,,
1233,,3566,,,
1234,,3567,,,
1235,,3568,,,
1236,,3569,,,
1237,,3570,,,
1238,,3571,,,
1239,,3572,,,
1240,,3573,,,
1241,,3574,,,
1242,,3575,,,
1243,,3576,,,
1244,,3577,,,
1245,,3578,,,
1246,,3579,,,
1247,,3580,,,
1248,,3581,,,
1249,,3582,,,
1250,,3583,,,
1251,,3584,,,
1252,,3585,,,
1253,,3586,,,
1254,,3587,,,
1255,,3588,,,
1256,,3589,,,
1257,,3590,,,
1258,,3591,,,
1259,,3593,,,
1260,,3595,,,
1261,,3596,,,
1262,,3597,,,
1263,,3598,,,
1264,,3599,,,
1265,,3600,,,
1266,,3601,,,
1267,,3602,,,
1268,,3603,,,
1269,,3604,,,
1270,,3605,,,
1271,,3606,,,
1272,,3607,,,
1273,,3608,,,
1274,,3609,,,
1275,,3610,,,
1276,,3611,,,
1277,,3612,,,
1278,,3613,,,
1279,,3615,,,
1280,,3616,,,
1281,,3619,,,
1282,,3622,,,
1283,,3623,,,
1284,,3624,,,
1285,,3625,,,
1286,,3626,,,
1287,,3627,,,
1288,,3628,,,
1289,,3629,,,
1290,,3630,,,
1291,,3631,,,
1292,,3632,,,
1293,,3633,,,
1294,,3634,,,
1295,,3635,,,
1296,,3636,,,
1297,,3637,,,
1298,,3638,,,
1299,,3639,,,
1300,,3641,,,
1301,,3642,,,
1302,,3643,,,
1303,,3644,,,
1304,,3645,,,
1305,,3646,,,
1306,,3647,,,
1307,,3648,,,
1308,,3651,,,
1309,,3652,,,
1310,,3653,,,
1311,,3680,,,
1312,,3681,,,
1313,,3683,,,
1314,,3688,,,
1315,,3689,,,
1316,,3690,,,
1317,,3691,,,
1318,,3692,,,
1319,,3693,,,
1320,,3694,,,
1321,,3695,,,
1322,,3696,,,
1323,,3697,,,
1324,,3698,,,
1325,,3699,,,
1326,,3700,,,
1327,,3701,,,
1328,,3702,,,
1329,,3703,,,
1330,,3704,,,
1331,,3705,,,
1332,,3706,,,
1333,,3707,,,
1334,,3708,,,
1335,,3709,,,
1336,,3710,,,
1337,,3711,,,
1338,,3712,,,
1339,,3713,,,
1340,,3714,,,
1341,,3715,,,
1342,,3716,,,
1343,,3717,,,
1344,,3718,,,
1345,,3719,,,
1346,,3720,,,
1347,,3721,,,
1348,,3722,,,
1349,,3723,,,
1350,,3724,,,
1351,,3725,,,
1352,,3726,,,
1353,,3727,,,
1354,,3728,,,
1355,,3729,,,
1356,,3730,,,
1357,,3731,,,
1358,,3732,,,
1359,,3733,,,
1360,,3734,,,
1361,,3735,,,
1362,,3736,,,
1363,,3737,,,
1364,,3739,,,
1365,,3740,,,
1366,,3741,,,
1367,,3742,,,
1368,,3755,,,
1369,,3756,,,
1370,,3757,,,
1371,,3758,,,
1372,,3759,,,
1373,,3760,,,
1374,,3761,,,
1375,,3763,,,
1376,,3769,,,
1377,,3783,,,
1378,,3784,,,
1379,,3785,,,
1380,,3786,,,
1381,,3787,,,
1382,,3788,,,
1383,,3789,,,
1384,,3790,,,
1385,,3791,,,
1386,,3792,,,
1387,,3793,,,
1388,,3794,,,
1389,,3795,,,
1390,,3796,,,
1391,,3797,,,
1392,,3798,,,
1393,,3799,,,
1394,,3800,,,
1395,,3801,,,
1396,,3802,,,
1397,,3803,,,
1398,,3804,,,
1399,,3805,,,
1400,,3806,,,
1401,,3807,,,
1402,,3808,,,
1403,,3809,,,
1404,,3810,,,
1405,,3811,,,
1406,,3812,,,
1407,,3813,,,
1408,,3814,,,
1409,,3815,,,
1410,,3817,,,
1411,,3818,,,
1412,,3819,,,
1413,,3820,,,
1414,,3821,,,
1415,,3822,,,
1416,,3823,,,
1417,,3824,,,
1418,,3825,,,
1419,,3827,,,
1420,,3833,,,
1421,,3834,,,
1422,,3840,,,
1423,,3841,,,
1424,,3850,,,
1425,,3852,,,
1426,,3855,,,
1427,,3856,,,
1428,,3857,,,
1429,,3858,,,
1430,,3859,,,
1431,,3860,,,
1432,,3861,,,
1433,,3862,,,
1434,,3863,,,
1435,,3864,,,
1436,,3865,,,
1437,,3866,,,
1438,,3867,,,
1439,,3868,,,
1440,,3869,,,
1441,,3870,,,
1442,,3871,,,
1443,,3872,,,
1444,,3874,,,
1445,,3900,,,
1446,,3901,,,
1447,,3902,,,
1448,,3935,,,
1449,,3940,,,
1450,,3941,,,
1451,,4009,,,
1452,,4014,,,
1453,,4019,,,
1454,,4039,,,
1455,,4040,,,
1456,,4043,,,
1457,,4044,,,
1458,,4045,,,
1459,,4046,,,
1460,,4047,,,
1461,,4048,,,
1462,,4049,,,
1463,,4063,,,
1464,,4064,,,
1465,,4067,,,
1466,,4068,,,
1467,,4071,,,
1468,,4072,,,
1469,,4074,,,
1470,,4075,,,
1471,,4083,,,
1472,,4084,,,
1473,,4116,,,
1474,,4118,,,
1475,,4119,,,
1476,,4120,,,
1477,,4121,,,
1478,,4123,,,
1479,,4124,,,
1480,,4125,,,
1481,,4126,,,
1482,,4127,,,
1483,,4128,,,
1484,,4152,,,
1485,,4153,,,
1486,,4155,,,
1487,,4170,,,
1488,,4177,,,
1489,,4178,,,
1490,,4179,,,
1491,,4180,,,
1492,,4181,,,
1493,,4214,,,
1494,,4215,,,
1495,,4216,,,
1496,,4217,,,
1497,,4218,,,
1498,,4219,,,
1499,,4220,,,
1500,,4226,,,
1501,,4227,,,
1502,,4228,,,
1503,,4229,,,
1504,,4230,,,
1505,,4231,,,
1506,,4232,,,
1507,,4233,,,
1508,,4234,,,
1509,,4235,,,
1510,,4236,,,
1511,,4237,,,
1512,,4238,,,
1513,,4239,,,
1514,,4256,,,
1515,,4257,,,
1516,,4264,,,
1517,,4265,,,
1518,,4266,,,
1519,,4267,,,
1520,,4268,,,
1521,,4269,,,
1522,,4270,,,
1523,,4275,,,
1524,,4276,,,
1525,,4277,,,
1526,,4279,,,
1527,,4280,,,
1528,,4281,,,
1529,,4282,,,
1530,,4283,,,
1531,,4285,,,
1532,,4286,,,
1533,,4287,,,
1534,,4288,,,
1535,,4289,,,
1536,,4290,,,
1537,,4291,,,
1538,,4292,,,
1539,,4293,,,
1540,,4294,,,
1541,,4298,,,
1542,,4299,,,
1543,,4300,,,
1544,,4301,,,
1545,,4302,,,
1546,,4310,,,
1547,,4312,,,
1548,,4315,,,
1549,,4316,,,
1550,,4326,,,
1551,,4327,,,
1552,,4330,,,
1553,,4331,,,
1554,,4332,,,
1555,,4337,,,
1556,,4339,,,
1557,,4342,,,
1558,,4347,,,
1559,,4350,,,
1560,,4352,,,
1561,,4354,,,
1562,,4356,,,
1563,,4357,,,
1564,,4358,,,
1565,,4359,,,
1566,,4360,,,
1567,,4361,,,
1568,,4362,,,
1569,,4363,,,
1570,,4365,,,
1571,,4366,,,
1572,,4367,,,
1573,,4369,,,
1574,,4370,,,
1575,,4371,,,
1576,,4372,,,
1577,,4373,,,
1578,,4376,,,
1579,,4377,,,
1580,,4378,,,
1581,,4379,,,
1582,,4380,,,
1583,,4381,,,
1584,,4382,,,
1585,,4383,,,
1586,,4384,,,
1587,,4385,,,
1588,,4386,,,
1589,,4387,,,
1590,,4388,,,
1591,,4392,,,
1592,,4393,,,
1593,,4394,,,
1594,,4395,,,
1595,,4396,,,
1596,,4397,,,
1597,,4398,,,
1598,,4400,,,
1599,,4401,,,
1600,,4402,,,
1601,,4417,,,
1602,,4419,,,
1603,,4420,,,
1604,,4421,,,
1605,,4422,,,
1606,,4424,,,
1607,,4425,,,
1608,,4426,,,
1609,,4427,,,
1610,,4428,,,
1611,,4429,,,
1612,,4430,,,
1613,,4431,,,
1614,,4433,,,
1615,,4434,,,
1616,,4436,,,
1617,,4438,,,
1618,,4441,,,
1619,,4443,,,
1620,,4448,,,
1621,,4450,,,
1622,,4451,,,
1623,,4452,,,
1624,,4453,,,
1625,,4454,,,
1626,,4455,,,
1627,,4456,,,
1628,,4458,,,
1629,,4463,,,
1630,,4472,,,
1631,,4473,,,
1632,,4475,,,
1633,,4476,,,
1634,,4477,,,
1635,,4478,,,
1636,,4479,,,
1637,,4480,,,
1638,,4481,,,
1639,,4482,,,
1640,,4483,,,
1641,,4484,,,
1642,,4485,,,
1643,,4486,,,
1644,,4487,,,
1645,,4488,,,
1646,,4496,,,
1647,,4497,,,
1648,,4498,,,
1649,,4499,,,
1650,,4500,,,
1651,,4501,,,
1652,,4502,,,
1653,,4503,,,
1654,,4504,,,
1655,,4505,,,
1656,,4506,,,
1657,,4507,,,
1658,,4508,,,
1659,,4509,,,
1660,,4510,,,
1661,,4511,,,
1662,,4512,,,
1663,,4513,,,
1664,,4514,,,
1665,,4515,,,
1666,,4516,,,
1667,,4518,,,
1668,,4520,,,
1669,,4521,,,
1670,,4523,,,
1671,,4524,,,
1672,,4525,,,
1673,,4526,,,
1674,,4527,,,
1675,,4528,,,
1676,,4531,,,
1677,,4532,,,
1678,,4538,,,
1679,,4539,,,
1680,,4540,,,
1681,,4541,,,
1682,,4542,,,
1683,,4543,,,
1684,,4544,,,
1685,,4545,,,
1686,,4546,,,
1687,,4547,,,
1688,,4548,,,
1689,,4549,,,
1690,,4550,,,
1691,,4551,,,
1692,,4553,,,
1693,,4557,,,
1694,,4558,,,
1695,,4559,,,
1696,,4560,,,
1697,,4561,,,
1698,,4562,,,
1699,,4563,,,
1700,,4564,,,
1701,,4565,,,
1702,,4566,,,
1703,,4567,,,
1704,,4568,,,
1705,,4569,,,
1706,,4570,,,
1707,,4571,,,
1708,,4572,,,
1709,,4573,,,
1710,,4574,,,
1711,,4575,,,
1712,,4576,,,
1713,,4577,,,
1714,,4578,,,
1715,,4579,,,
1716,,4580,,,
1717,,4581,,,
1718,,4582,,,
1719,,4585,,,
1720,,4591,,,
1721,,4592,,,
1722,,4593,,,
1723,,4594,,,
1724,,4595,,,
1725,,4607,,,
1726,,4608,,,
1727,,4609,,,
1728,,4616,,,
1729,,4618,,,
1730,,4619,,,
1731,,4621,,,
1732,,4622,,,
1733,,4625,,,
1734,,4632,,,
1735,,4633,,,
1736,,4635,,,
1737,,4637,,,
1738,,4638,,,
1739,,4639,,,
1740,,4640,,,
1741,,4649,,,
1742,,4651,,,
1743,,4652,,,
1744,,4656,,,
1745,,4658,,,
1746,,4664,,,
1747,,4665,,,
1748,,4666,,,
1749,,4667,,,
1750,,4668,,,
1751,,4669,,,
1752,,4670,,,
1753,,4671,,,
1754,,4672,,,
1755,,4673,,,
1756,,4683,,,
1757,,4684,,,
1758,,4685,,,
1759,,4686,,,
1760,,4687,,,
1761,,4688,,,
1762,,4689,,,
1763,,4690,,,
1764,,4691,,,
1765,,4692,,,
1766,,4693,,,
1767,,4694,,,
1768,,4698,,,
1769,,4699,,,
1770,,4700,,,
1771,,4701,,,
1772,,4702,,,
1773,,4703,,,
1774,,4704,,,
1775,,4705,,,
1776,,4706,,,
1777,,4707,,,
1778,,4708,,,
1779,,4709,,,
1780,,4710,,,
1781,,4711,,,
1782,,4712,,,
1783,,4713,,,
1784,,4714,,,
1785,,4715,,,
1786,,4716,,,
1787,,4717,,,
1788,,4718,,,
1789,,4719,,,
1790,,4722,,,
1791,,4723,,,
1792,,4724,,,
1793,,4725,,,
1794,,4726,,,
1795,,4727,,,
1796,,4728,,,
1797,,4729,,,
1798,,4730,,,
1799,,4732,,,
1800,,4733,,,
1801,,4734,,,
1802,,4735,,,
1803,,4736,,,
1804,,4737,,,
1805,,4738,,,
1806,,4739,,,
1807,,4740,,,
1808,,4741,,,
1809,,4742,,,
1810,,4743,,,
1811,,4744,,,
1812,,4745,,,
1813,,4746,,,
1814,,4747,,,
1815,,4748,,,
1816,,4749,,,
1817,,4750,,,
1818,,4751,,,
1819,,4752,,,
1820,,4753,,,
1821,,4754,,,
1822,,4755,,,
1823,,4756,,,
1824,,4757,,,
1825,,4771,,,
1826,,4773,,,
1827,,4774,,,
1828,,4775,,,
1829,,4776,,,
1830,,4777,,,
1831,,4778,,,
1832,,4779,,,
1833,,4780,,,
1834,,4781,,,
1835,,4782,,,
1836,,4783,,,
1837,,4784,,,
1838,,4786,,,
1839,,4788,,,
1840,,4789,,,
1841,,4790,,,
1842,,4791,,,
1843,,4792,,,
1844,,4793,,,
1845,,4796,,,
1846,,4797,,,
1847,,4798,,,
1848,,4799,,,
1849,,4800,,,
1850,,4801,,,
1851,,4802,,,
1852,,4803,,,
1853,,4804,,,
1854,,4805,,,
1855,,4806,,,
1856,,4807,,,
1857,,4808,,,
1858,,4809,,,
1859,,4821,,,
1860,,4830,,,
1861,,4835,,,
1862,,4836,,,
1863,,4837,,,
1864,,4838,,,
1865,,4839,,,
1866,,4840,,,
1867,,4841,,,
1868,,4842,,,
1869,,4843,,,
1870,,4844,,,
1871,,4845,,,
1872,,4846,,,
1873,,4849,,,
1874,,4850,,,
1875,,4851,,,
1876,,4852,,,
1877,,4853,,,
1878,,4854,,,
1879,,4857,,,
1880,,4858,,,
1881,,4859,,,
1882,,4860,,,
1883,,4862,,,
1884,,4864,,,
1885,,4865,,,
1886,,4866,,,
1887,,4867,,,
1888,,4868,,,
1889,,4869,,,
1890,,4870,,,
1891,,4871,,,
1892,,4872,,,
1893,,4873,,,
1894,,4874,,,
1895,,4875,,,
1896,,4876,,,
1897,,4877,,,
1898,,4878,,,
1899,,4879,,,
1900,,4880,,,
1901,,4881,,,
1902,,4882,,,
1903,,4883,,,
1904,,4884,,,
1905,,4885,,,
1906,,4886,,,
1907,,4887,,,
1908,,4888,,,
1909,,4889,,,
1910,,4892,,,
1911,,4895,,,
1912,,4896,,,
1913,,4901,,,
1914,,4902,,,
1915,,4903,,,
1916,,4904,,,
1917,,4905,,,
1918,,4906,,,
1919,,4907,,,
1920,,4908,,,
1921,,4909,,,
1922,,4910,,,
1923,,4911,,,
1924,,4912,,,
1925,,4913,,,
1926,,4914,,,
1927,,4915,,,
1928,,4916,,,
1929,,4917,,,
1930,,4918,,,
1931,,4919,,,
1932,,4920,,,
1933,,4921,,,
1934,,4922,,,
1935,,4923,,,
1936,,4924,,,
1937,,4925,,,
1938,,4926,,,
1939,,4927,,,
1940,,4928,,,
1941,,4929,,,
1942,,4930,,,
1943,,4931,,,
1944,,4932,,,
1945,,4933,,,
1946,,4934,,,
1947,,4935,,,
1948,,4936,,,
1949,,4937,,,
1950,,4938,,,
1951,,4939,,,
1952,,4940,,,
1953,,4941,,,
1954,,4942,,,
1955,,4943,,,
1956,,4944,,,
1957,,4945,,,
1958,,4946,,,
1959,,4948,,,
1960,,4949,,,
1961,,4950,,,
1962,,4951,,,
1963,,4952,,,
1964,,4955,,,
1965,,4956,,,
1966,,4957,,,
1967,,4958,,,
1968,,4959,,,
1969,,4960,,,
1970,,4961,,,
1971,,4962,,,
1972,,4963,,,
1973,,4964,,,
1974,,4965,,,
1975,,4966,,,
1976,,4967,,,
1977,,4968,,,
1978,,4969,,,
1979,,4996,,,
1980,,4997,,,
1981,,5005,,,
1982,,5010,,,
1983,,5011,,,
1984,,5012,,,
1985,,5013,,,
1986,,5014,,,
1987,,5015,,,
1988,,5016,,,
1989,,5017,,,
1990,,5018,,,
1991,,5019,,,
1992,,5020,,,
1993,,5021,,,
1994,,5022,,,
1995,,5023,,,
1996,,5024,,,
1997,,5025,,,
1998,,5026,,,
1999,,5027,,,
2000,,5028,,,
2001,,5029,,,
2002,,5030,,,
2003,,5031,,,
2004,,5032,,,
2005,,5033,,,
2006,,5034,,,
2007,,5035,,,
2008,,5036,,,
2009,,5037,,,
2010,,5040,,,
2011,,5041,,,
2012,,5042,,,
2013,,5043,,,
2014,,5044,,,
2015,,5045,,,
2016,,5046,,,
2017,,5047,,,
2018,,5048,,,
2019,,5049,,,
2020,,5050,,,
2021,,5051,,,
2022,,5052,,,
2023,,5053,,,
2024,,5054,,,
2025,,5055,,,
2026,,5056,,,
2027,,5057,,,
2028,,5058,,,
2029,,5059,,,
2030,,5060,,,
2031,,5064,,,
2032,,5066,,,
2033,,5068,,,
2034,,5069,,,
2035,,5070,,,
2036,,5071,,,
2037,,5072,,,
2038,,5073,,,
2039,,5074,,,
2040,,5075,,,
2041,,5076,,,
2042,,5084,,,
2043,,5085,,,
2044,,5089,,,
2045,,5090,,,
2046,,5095,,,
2047,,5096,,,
2048,,5099,,,
2049,,5100,,,
2050,,5101,,,
2051,,5102,,,
2052,,5103,,,
2053,,5104,,,
2054,,5105,,,
2055,,5106,,,
2056,,5107,,,
2057,,5108,,,
2058,,5109,,,
2059,,5115,,,
2060,,5120,,,
2061,,5124,,,
2062,,5126,,,
2063,,5127,,,
2064,,5131,,,
2065,,5172,,,
2066,,5184,,,
2067,,5186,,,
2068,,5193,,,
2069,,5194,,,
2070,,5196,,,
2071,,5197,,,
2072,,5198,,,
2073,,5199,,,
2074,,5200,,,
2075,,5204,,,
2076,,5205,,,
2077,,5206,,,
2078,,5207,,,
2079,,5208,,,
2080,,5209,,,
2081,,5210,,,
2082,,5211,,,
2083,,5212,,,
2084,,5213,,,
2085,,5214,,,
2086,,5215,,,
2087,,5216,,,
2088,,5217,,,
2089,,5218,,,
2090,,5219,,,
2091,,5220,,,
2092,,5221,,,
2093,,5222,,,
2094,,5223,,,
2095,,5224,,,
2096,,5225,,,
2097,,5226,,,
2098,,5227,,,
2099,,5228,,,
2100,,5229,,,
2101,,5230,,,
2102,,5231,,,
2103,,5232,,,
2104,,5233,,,
2105,,5234,,,
2106,,5235,,,
2107,,5236,,,
2108,,5237,,,
2109,,5238,,,
2110,,5240,,,
2111,,5241,,,
2112,,5242,,,
2113,,5243,,,
2114,,5244,,,
2115,,5245,,,
2116,,5248,,,
2117,,5249,,,
2118,,5250,,,
2119,,5252,,,
2120,,5253,,,
2121,,5256,,,
2122,,5257,,,
2123,,5258,,,
2124,,5259,,,
2125,,5260,,,
2126,,5261,,,
2127,,5262,,,
2128,,5263,,,
2129,,5265,,,
2130,,5266,,,
2131,,5267,,,
2132,,5268,,,
2133,,5269,,,
2134,,5270,,,
2135,,5271,,,
2136,,5272,,,
2137,,5274,,,
2138,,5275,,,
2139,,5276,,,
2140,,5277,,,
2141,,5278,,,
2142,,5279,,,
2143,,5281,,,
2144,,5282,,,
2145,,5283,,,
2146,,5284,,,
2147,,5286,,,
2148,,5287,,,
2149,,5304,,,
2150,,5318,,,
2151,,5332,,,
2152,,5333,,,
2153,,5340,,,
2154,,5341,,,
2155,,5342,,,
2156,,5343,,,
2157,,5344,,,
2158,,5345,,,
2159,,5346,,,
2160,,5347,,,
2161,,5349,,,
2162,,5350,,,
2163,,5351,,,
2164,,5353,,,
2165,,5354,,,
2166,,5355,,,
2167,,5356,,,
2168,,5357,,,
2169,,5358,,,
2170,,5359,,,
2171,,5360,,,
2172,,5361,,,
2173,,5362,,,
2174,,5363,,,
2175,,5364,,,
2176,,5365,,,
2177,,5366,,,
2178,,5367,,,
2179,,5368,,,
2180,,5369,,,
2181,,5370,,,
2182,,5371,,,
2183,,5372,,,
2184,,5373,,,
2185,,5374,,,
2186,,5375,,,
2187,,5376,,,
2188,,5378,,,
2189,,5379,,,
2190,,5380,,,
2191,,5381,,,
2192,,5384,,,
2193,,5389,,,
2194,,5390,,,
2195,,5391,,,
2196,,5392,,,
2197,,5393,,,
2198,,5394,,,
2199,,5395,,,
2200,,5396,,,
2201,,5397,,,
2202,,5399,,,
2203,,5400,,,
2204,,5401,,,
2205,,5402,,,
2206,,5403,,,
2207,,5404,,,
2208,,5405,,,
2209,,5406,,,
2210,,5407,,,
2211,,5408,,,
2212,,5409,,,
2213,,5410,,,
2214,,5411,,,
2215,,5412,,,
2216,,5413,,,
2217,,5414,,,
2218,,5415,,,
2219,,5416,,,
2220,,5417,,,
2221,,5418,,,
2222,,5419,,,
2223,,5420,,,
2224,,5421,,,
2225,,5427,,,
2226,,5428,,,
2227,,5430,,,
2228,,5441,,,
2229,,5446,,,
2230,,5448,,,
2231,,5449,,,
2232,,5450,,,
2233,,5451,,,
2234,,5452,,,
2235,,5453,,,
2236,,5454,,,
2237,,5455,,,
2238,,5456,,,
2239,,5458,,,
2240,,5459,,,
2241,,5460,,,
2242,,5477,,,
2243,,5478,,,
2244,,5480,,,
2245,,5483,,,
2246,,5485,,,
2247,,5487,,,
2248,,5488,,,
2249,,5489,,,
2250,,5490,,,
2251,,5491,,,
2252,,5492,,,
2253,,5493,,,
2254,,5494,,,
2255,,5495,,,
2256,,5496,,,
2257,,5497,,,
2258,,5498,,,
2259,,5499,,,
2260,,5500,,,
2261,,5501,,,
2262,,5502,,,
2263,,5503,,,
2264,,5504,,,
2265,,5505,,,
2266,,5506,,,
2267,,5511,,,
2268,,5512,,,
2269,,5513,,,
2270,,5514,,,
2271,,5515,,,
2272,,5516,,,
2273,,5517,,,
2274,,5518,,,
2275,,5519,,,
2276,,5521,,,
2277,,5522,,,
2278,,5528,,,
2279,,5529,,,
2280,,5530,,,
2281,,5531,,,
2282,,5539,,,
2283,,5540,,,
2284,,5541,,,
2285,,5545,,,
2286,,5547,,,
2287,,5548,,,
2288,,5549,,,
2289,,5550,,,
2290,,5551,,,
2291,,5554,,,
2292,,5565,,,
2293,,5566,,,
2294,,5567,,,
2295,,5568,,,
2296,,5569,,,
2297,,5570,,,
2298,,5571,,,
2299,,5572,,,
2300,,5573,,,
2301,,5574,,,
2302,,5575,,,
2303,,5576,,,
2304,,5577,,,
2305,,5578,,,
2306,,5579,,,
2307,,5580,,,
2308,,5583,,,
2309,,5584,,,
2310,,5585,,,
2311,,5586,,,
2312,,5587,,,
2313,,5588,,,
2314,,5590,,,
2315,,5591,,,
2316,,5592,,,
2317,,5593,,,
2318,,5594,,,
2319,,5595,,,
2320,,5596,,,
2321,,5598,,,
2322,,5599,,,
2323,,5600,,,
2324,,5601,,,
2325,,5602,,,
2326,,5603,,,
2327,,5604,,,
2328,,5605,,,
2329,,5609,,,
2330,,5610,,,
2331,,5619,,,
2332,,5620,,,
2333,,5621,,,
2334,,5622,,,
2335,,5627,,,
2336,,5628,,,
2337,,5629,,,
2338,,5630,,,
2339,,5631,,,
2340,,5632,,,
2341,,5633,,,
2342,,5634,,,
2343,,5636,,,
2344,,5637,,,
2345,,5641,,,
2346,,5642,,,
2347,,5643,,,
2348,,5648,,,
2349,,5649,,,
2350,,5650,,,
2351,,5653,,,
2352,,5654,,,
2353,,5659,,,
2354,,5661,,,
2355,,5662,,,
2356,,5663,,,
2357,,5664,,,
2358,,5665,,,
2359,,5669,,,
2360,,5674,,,
2361,,5675,,,
2362,,5676,,,
2363,,5677,,,
2364,,5678,,,
2365,,5679,,,
2366,,5680,,,
2367,,5681,,,
2368,,5682,,,
2369,,5683,,,
2370,,5684,,,
2371,,5685,,,
2372,,5688,,,
2373,,5691,,,
2374,,5696,,,
2375,,5697,,,
2376,,5699,,,
2377,,5700,,,
2378,,5701,,,
2379,,5702,,,
2380,,5703,,,
2381,,5704,,,
2382,,5705,,,
2383,,5706,,,
2384,,5707,,,
2385,,5708,,,
2386,,5709,,,
2387,,5710,,,
2388,,5711,,,
2389,,5712,,,
2390,,5713,,,
2391,,5714,,,
2392,,5715,,,
2393,,5716,,,
2394,,5717,,,
2395,,5719,,,
2396,,5720,,,
2397,,5721,,,
2398,,5722,,,
2399,,5723,,,
2400,,5724,,,
2401,,5725,,,
2402,,5731,,,
2403,,5732,,,
2404,,5733,,,
2405,,5734,,,
2406,,5735,,,
2407,,5736,,,
2408,,5737,,,
2409,,5738,,,
2410,,5739,,,
2411,,5740,,,
2412,,5741,,,
2413,,5742,,,
2414,,5743,,,
2415,,5744,,,
2416,,5745,,,
2417,,5746,,,
2418,,5747,,,
2419,,5748,,,
2420,,5749,,,
2421,,5751,,,
2422,,5753,,,
2423,,5754,,,
2424,,5756,,,
2425,,5757,,,
2426,,5758,,,
2427,,5759,,,
2428,,5760,,,
2429,,5761,,,
2430,,5762,,,
2431,,5763,,,
2432,,5764,,,
2433,,5765,,,
2434,,5766,,,
2435,,5767,,,
2436,,5768,,,
2437,,5769,,,
2438,,5770,,,
2439,,5771,,,
2440,,5772,,,
2441,,5773,,,
2442,,5774,,,
2443,,5775,,,
2444,,5776,,,
2445,,5777,,,
2446,,5778,,,
2447,,5779,,,
2448,,5780,,,
2449,,5781,,,
2450,,5782,,,
2451,,5783,,,
2452,,5784,,,
2453,,5785,,,
2454,,5786,,,
2455,,5787,,,
2456,,5788,,,
2457,,5789,,,
2458,,5790,,,
2459,,5794,,,
2460,,5796,,,
2461,,5797,,,
2462,,5798,,,
2463,,5799,,,
2464,,5800,,,
2465,,5801,,,
2466,,5802,,,
2467,,5803,,,
2468,,5804,,,
2469,,5805,,,
2470,,5806,,,
2471,,5807,,,
2472,,5808,,,
2473,,5809,,,
2474,,5810,,,
2475,,5811,,,
2476,,5812,,,
2477,,5813,,,
2478,,5814,,,
2479,,5815,,,
2480,,5816,,,
2481,,5817,,,
2482,,5818,,,
2483,,5819,,,
2484,,5820,,,
2485,,5821,,,
2486,,5822,,,
2487,,5823,,,
2488,,5824,,,
2489,,5825,,,
2490,,5826,,,
2491,,5827,,,
2492,,5828,,,
2493,,5829,,,
2494,,5830,,,
2495,,5831,,,
2496,,5832,,,
2497,,5833,,,
2498,,5834,,,
2499,,5836,,,
2500,,5837,,,
2501,,5838,,,
2502,,5839,,,
2503,,5840,,,
2504,,5841,,,
2505,,5842,,,
2506,,5843,,,
2507,,5844,,,
2508,,5845,,,
2509,,5847,,,
2510,,5853,,,
2511,,5854,,,
2512,,5855,,,
2513,,5856,,,
2514,,5857,,,
2515,,5858,,,
2516,,5859,,,
2517,,5860,,,
2518,,5861,,,
2519,,5862,,,
2520,,5863,,,
2521,,5864,,,
2522,,5865,,,
2523,,5866,,,
2524,,5867,,,
2525,,5868,,,
2526,,5869,,,
2527,,5870,,,
2528,,5871,,,
2529,,5881,,,
2530,,5883,,,
2531,,5884,,,
2532,,5887,,,
2533,,5891,,,
2534,,5893,,,
2535,,5906,,,
2536,,5908,,,
2537,,5909,,,
2538,,5910,,,
2539,,5911,,,
2540,,5912,,,
2541,,5913,,,
2542,,5916,,,
2543,,5917,,,
2544,,5918,,,
2545,,5919,,,
2546,,5920,,,
2547,,5921,,,
2548,,5922,,,
2549,,5923,,,
2550,,5924,,,
2551,,5925,,,
2552,,5926,,,
2553,,5927,,,
2554,,5928,,,
2555,,5929,,,
2556,,5930,,,
2557,,5931,,,
2558,,5932,,,
2559,,5933,,,
2560,,5934,,,
2561,,5937,,,
2562,,5938,,,
2563,,5939,,,
2564,,5944,,,
2565,,5945,,,
2566,,5946,,,
2567,,5947,,,
2568,,5950,,,
2569,,5951,,,
2570,,5956,,,
2571,,5957,,,
2572,,5958,,,
2573,,5959,,,
2574,,5960,,,
2575,,5961,,,
2576,,5962,,,
2577,,5963,,,
2578,,5966,,,
2579,,5967,,,
2580,,5974,,,
2581,,5977,,,
2582,,5979,,,
2583,,5980,,,
2584,,5983,,,
2585,,5984,,,
2586,,5985,,,
2587,,5986,,,
2588,,5987,,,
2589,,5989,,,
2590,,5990,,,
2591,,6005,,,
2592,,6006,,,
2593,,6007,,,
2594,,6008,,,
2595,,6009,,,
2596,,6010,,,
2597,,6011,,,
2598,,6012,,,
2599,,6018,,,
2600,,6042,,,
2601,,6043,,,
2602,,6045,,,
2603,,6047,,,
2604,,6049,,,
2605,,6050,,,
2606,,6051,,,
2607,,6052,,,
2608,,6053,,,
2609,,6056,,,
2610,,6058,,,
2611,,6060,,,
2612,,6061,,,
2613,,6062,,,
2614,,6063,,,
2615,,6065,,,
2616,,6066,,,
2617,,6067,,,
2618,,6068,,,
2619,,6069,,,
2620,,6070,,,
2621,,6071,,,
2622,,6072,,,
2623,,6073,,,
2624,,6074,,,
2625,,6075,,,
2626,,6078,,,
2627,,6079,,,
2628,,6080,,,
2629,,6086,,,
2630,,6104,,,
2631,,6107,,,
2632,,6108,,,
2633,,6109,,,
2634,,6110,,,
2635,,6111,,,
2636,,6112,,,
2637,,6113,,,
2638,,6114,,,
2639,,6115,,,
2640,,6122,,,
2641,,6123,,,
2642,,6124,,,
2643,,6125,,,
2644,,6126,,,
2645,,6127,,,
2646,,6132,,,
2647,,6133,,,
2648,,6134,,,
2649,,6139,,,
2650,,6140,,,
2651,,6141,,,
2652,,6142,,,
2653,,6143,,,
2654,,6144,,,
2655,,6149,,,
2656,,6150,,,
2657,,6152,,,
2658,,6153,,,
2659,,6155,,,
2660,,6156,,,
2661,,6157,,,
2662,,6163,,,
2663,,6164,,,
2664,,6165,,,
2665,,6167,,,
2666,,6168,,,
2667,,6179,,,
2668,,6184,,,
2669,,6188,,,
2670,,6189,,,
2671,,6190,,,
2672,,6192,,,
2673,,6193,,,
2674,,6199,,,
2675,,6202,,,
2676,,6203,,,
2677,,6204,,,
2678,,6205,,,
2679,,6208,,,
2680,,6209,,,
2681,,6217,,,
2682,,6218,,,
2683,,6219,,,
2684,,6220,,,
2685,,6221,,,
2686,,6222,,,
2687,,6223,,,
2688,,6224,,,
2689,,6225,,,
2690,,6226,,,
2691,,6227,,,
2692,,6228,,,
2693,,6231,,,
2694,,6232,,,
2695,,6233,,,
2696,,6237,,,
2697,,6238,,,
2698,,6239,,,
2699,,6240,,,
2700,,6242,,,
2701,,6243,,,
2702,,6244,,,
2703,,6245,,,
2704,,6246,,,
2705,,6247,,,
2706,,6248,,,
2707,,6249,,,
2708,,6250,,,
2709,,6251,,,
2710,,6252,,,
2711,,6253,,,
2712,,6254,,,
2713,,6255,,,
2714,,6256,,,
2715,,6257,,,
2716,,6258,,,
2717,,6259,,,
2718,,6260,,,
2719,,6261,,,
2720,,6262,,,
2721,,6263,,,
2722,,6264,,,
2723,,6265,,,
2724,,6266,,,
2725,,6267,,,
2726,,6268,,,
2727,,6269,,,
2728,,6270,,,
2729,,6271,,,
2730,,6273,,,
2731,,6274,,,
2732,,6275,,,
2733,,6276,,,
2734,,6279,,,
2735,,6280,,,
2736,,6284,,,
2737,,6285,,,
2738,,6286,,,
2739,,6287,,,
2740,,6288,,,
2741,,6289,,,
2742,,6290,,,
2743,,6291,,,
2744,,6292,,,
2745,,6293,,,
2746,,6294,,,
2747,,6295,,,
2748,,6296,,,
2749,,6297,,,
2750,,6298,,,
2751,,6299,,,
2752,,6300,,,
2753,,6301,,,
2754,,6302,,,
2755,,6303,,,
2756,,6304,,,
2757,,6306,,,
2758,,6307,,,
2759,,6308,,,
2760,,6309,,,
2761,,6311,,,
2762,,6312,,,
2763,,6313,,,
2764,,6315,,,
2765,,6316,,,
2766,,6318,,,
2767,,6319,,,
2768,,6321,,,
2769,,6322,,,
2770,,6323,,,
2771,,6324,,,
2772,,6325,,,
2773,,6326,,,
2774,,6327,,,
2775,,6328,,,
2776,,6329,,,
2777,,6330,,,
2778,,6331,,,
2779,,6332,,,
2780,,6333,,,
2781,,6334,,,
2782,,6335,,,
2783,,6337,,,
2784,,6338,,,
2785,,6340,,,
2786,,6341,,,
2787,,6342,,,
2788,,6343,,,
2789,,6344,,,
2790,,6345,,,
2791,,6346,,,
2792,,6347,,,
2793,,6348,,,
2794,,6349,,,
2795,,6350,,,
2796,,6351,,,
2797,,6352,,,
2798,,6353,,,
2799,,6354,,,
2800,,6355,,,
2801,,6356,,,
2802,,6357,,,
2803,,6358,,,
2804,,6359,,,
2805,,6360,,,
2806,,6361,,,
2807,,6362,,,
2808,,6363,,,
2809,,6364,,,
2810,,6365,,,
2811,,6366,,,
2812,,6367,,,
2813,,6368,,,
2814,,6369,,,
2815,,6370,,,
2816,,6371,,,
2817,,6372,,,
2818,,6373,,,
2819,,6374,,,
2820,,6375,,,
2821,,6376,,,
2822,,6377,,,
2823,,6378,,,
2824,,6379,,,
2825,,6380,,,
2826,,6381,,,
2827,,6382,,,
2828,,6383,,,
2829,,6384,,,
2830,,6385,,,
2831,,6386,,,
2832,,6387,,,
2833,,6388,,,
2834,,6389,,,
2835,,6390,,,
2836,,6391,,,
2837,,6392,,,
2838,,6393,,,
2839,,6394,,,
2840,,6395,,,
2841,,6396,,,
2842,,6397,,,
2843,,6398,,,
2844,,6399,,,
2845,,6400,,,
2846,,6401,,,
2847,,6402,,,
2848,,6403,,,
2849,,6404,,,
2850,,6405,,,
2851,,6406,,,
2852,,6407,,,
2853,,6408,,,
2854,,6409,,,
2855,,6410,,,
2856,,6411,,,
2857,,6412,,,
2858,,6413,,,
2859,,6414,,,
2860,,6415,,,
2861,,6416,,,
2862,,6417,,,
2863,,6418,,,
2864,,6419,,,
2865,,6420,,,
2866,,6421,,,
2867,,6422,,,
2868,,6423,,,
2869,,6424,,,
2870,,6425,,,
2871,,6426,,,
2872,,6427,,,
2873,,6428,,,
2874,,6429,,,
2875,,6430,,,
2876,,6431,,,
2877,,6432,,,
2878,,6433,,,
2879,,6434,,,
2880,,6435,,,
2881,,6436,,,
2882,,6437,,,
2883,,6438,,,
2884,,6439,,,
2885,,6440,,,
2886,,6441,,,
2887,,6442,,,
2888,,6443,,,
2889,,6444,,,
2890,,6445,,,
2891,,6446,,,
2892,,6447,,,
2893,,6448,,,
2894,,6449,,,
2895,,6450,,,
2896,,6451,,,
2897,,6452,,,
2898,,6453,,,
2899,,6454,,,
2900,,6455,,,
2901,,6456,,,
2902,,6457,,,
2903,,6458,,,
2904,,6459,,,
2905,,6462,,,
2906,,6463,,,
2907,,6465,,,
2908,,6466,,,
2909,,6467,,,
2910,,6470,,,
2911,,6471,,,
2912,,6473,,,
2913,,6478,,,
2914,,6482,,,
2915,,6488,,,
2916,,6489,,,
2917,,6490,,,
2918,,6491,,,
2919,,6492,,,
2920,,6493,,,
2921,,6494,,,
2922,,6495,,,
2923,,6496,,,
2924,,6497,,,
2925,,6498,,,
2926,,6499,,,
2927,,6500,,,
2928,,6501,,,
2929,,6502,,,
2930,,6503,,,
2931,,6504,,,
2932,,6505,,,
2933,,6506,,,
2934,,6507,,,
2935,,6509,,,
2936,,6510,,,
2937,,6511,,,
2938,,6512,,,
2939,,6513,,,
2940,,6514,,,
2941,,6515,,,
2942,,6516,,,
2943,,6517,,,
2944,,6518,,,
2945,,6519,,,
2946,,6520,,,
2947,,6521,,,
2948,,6522,,,
2949,,6523,,,
2950,,6524,,,
2951,,6525,,,
2952,,6526,,,
2953,,6527,,,
2954,,6528,,,
2955,,6529,,,
2956,,6530,,,
2957,,6531,,,
2958,,6532,,,
2959,,6533,,,
2960,,6534,,,
2961,,6538,,,
2962,,6539,,,
2963,,6540,,,
2964,,6541,,,
2965,,6542,,,
2966,,6543,,,
2967,,6544,,,
2968,,6545,,,
2969,,6546,,,
2970,,6547,,,
2971,,6549,,,
2972,,6550,,,
2973,,6553,,,
2974,,6554,,,
2975,,6555,,,
2976,,6556,,,
2977,,6557,,,
2978,,6558,,,
2979,,6559,,,
2980,,6560,,,
2981,,6563,,,
2982,,6564,,,
2983,,6565,,,
2984,,6566,,,
2985,,6567,,,
2986,,6568,,,
2987,,6569,,,
2988,,6570,,,
2989,,6571,,,
2990,,6572,,,
2991,,6573,,,
2992,,6574,,,
2993,,6575,,,
2994,,6576,,,
2995,,6577,,,
2996,,6578,,,
2997,,6579,,,
2998,,6580,,,
2999,,6581,,,
3000,,6584,,,
3001,,6585,,,
3002,,6586,,,
3003,,6587,,,
3004,,6588,,,
3005,,6589,,,
3006,,6590,,,
3007,,6591,,,
3008,,6592,,,
3009,,6593,,,
3010,,6594,,,
3011,,6595,,,
3012,,6596,,,
3013,,6597,,,
3014,,6598,,,
3015,,6599,,,
3016,,6600,,,
3017,,6601,,,
3018,,6602,,,
3019,,6603,,,
3020,,6604,,,
3021,,6605,,,
3022,,6606,,,
3023,,6609,,,
3024,,6610,,,
3025,,6611,,,
3026,,6612,,,
3027,,6613,,,
3028,,6614,,,
3029,,6615,,,
3030,,6616,,,
3031,,6617,,,
3032,,6618,,,
3033,,6619,,,
3034,,6621,,,
3035,,6622,,,
3036,,6623,,,
3037,,6624,,,
3038,,6625,,,
3039,,6626,,,
3040,,6627,,,
3041,,6628,,,
3042,,6629,,,
3043,,6640,,,
3044,,6650,,,
3045,,6651,,,
3046,,6665,,,
3047,,6666,,,
3048,,6667,,,
3049,,6668,,,
3050,,6669,,,
3051,,6670,,,
3052,,6671,,,
3053,,6672,,,
3054,,6673,,,
3055,,6674,,,
3056,,6675,,,
3057,,6676,,,
3058,,6677,,,
3059,,6678,,,
3060,,6679,,,
3061,,6680,,,
3062,,6681,,,
3063,,6682,,,
3064,,6683,,,
3065,,6684,,,
3066,,6685,,,
3067,,6686,,,
3068,,6687,,,
3069,,6688,,,
3070,,6689,,,
3071,,6690,,,
3072,,6691,,,
3073,,6692,,,
3074,,6693,,,
3075,,6694,,,
3076,,6695,,,
3077,,6696,,,
3078,,6697,,,
3079,,6698,,,
3080,,6699,,,
3081,,6700,,,
3082,,6701,,,
3083,,6702,,,
3084,,6703,,,
3085,,6704,,,
3086,,6705,,,
3087,,6706,,,
3088,,6707,,,
3089,,6708,,,
3090,,6710,,,
3091,,6712,,,
3092,,6713,,,
3093,,6714,,,
3094,,6715,,,
3095,,6716,,,
3096,,6717,,,
3097,,6718,,,
3098,,6719,,,
3099,,6720,,,
3100,,6721,,,
3101,,6725,,,
3102,,6726,,,
3103,,6727,,,
3104,,6728,,,
3105,,6729,,,
3106,,6730,,,
3107,,6731,,,
3108,,6732,,,
3109,,6733,,,
3110,,6785,,,
3111,,6786,,,
3112,,6787,,,
3113,,6788,,,
3114,,6789,,,
3115,,6790,,,
3116,,6791,,,
3117,,6792,,,
3118,,6793,,,
3119,,6796,,,
3120,,6797,,,
3121,,6798,,,
3122,,6805,,,
3123,,6806,,,
3124,,6807,,,
3125,,6808,,,
3126,,6809,,,
3127,,6810,,,
3128,,6811,,,
3129,,6812,,,
3130,,6813,,,
3131,,6814,,,
3132,,6815,,,
3133,,6816,,,
3134,,6817,,,
3135,,6818,,,
3136,,6819,,,
3137,,6820,,,
3138,,6821,,,
3139,,6822,,,
3140,,6823,,,
3141,,6824,,,
3142,,6825,,,
3143,,6826,,,
3144,,6827,,,
3145,,6828,,,
3146,,6829,,,
3147,,6830,,,
3148,,6831,,,
3149,,6832,,,
3150,,6833,,,
3151,,6834,,,
3152,,6835,,,
3153,,6836,,,
3154,,6837,,,
3155,,6838,,,
3156,,6839,,,
3157,,6840,,,
3158,,6841,,,
3159,,6842,,,
3160,,6843,,,
3161,,6844,,,
3162,,6845,,,
3163,,6846,,,
3164,,6847,,,
3165,,6848,,,
3166,,6849,,,
3167,,6850,,,
3168,,6851,,,
3169,,6852,,,
3170,,6853,,,
3171,,6854,,,
3172,,6855,,,
3173,,6856,,,
3174,,6857,,,
3175,,6858,,,
3176,,6859,,,
3177,,6860,,,
3178,,6861,,,
3179,,6864,,,
3180,,6866,,,
3181,,6878,,,
3182,,6880,,,
3183,,6881,,,
3184,,6882,,,
3185,,6883,,,
3186,,6897,,,
3187,,6899,,,
3188,,6900,,,
3189,,6901,,,
3190,,6902,,,
3191,,6903,,,
3192,,6906,,,
3193,,6907,,,
3194,,6908,,,
3195,,6909,,,
3196,,6910,,,
3197,,6911,,,
3198,,6912,,,
3199,,6913,,,
3200,,6914,,,
3201,,6915,,,
3202,,6916,,,
3203,,6917,,,
3204,,6918,,,
3205,,6919,,,
3206,,6920,,,
3207,,6933,,,
3208,,6934,,,
3209,,6935,,,
3210,,6936,,,
3211,,6937,,,
3212,,6938,,,
3213,,6939,,,
3214,,6940,,,
3215,,6941,,,
3216,,6942,,,
3217,,6943,,,
3218,,6944,,,
3219,,6945,,,
3220,,6946,,,
3221,,6947,,,
3222,,6948,,,
3223,,6949,,,
3224,,6950,,,
3225,,6951,,,
3226,,6952,,,
3227,,6953,,,
3228,,6954,,,
3229,,6980,,,
3230,,6983,,,
3231,,6984,,,
3232,,6995,,,
3233,,6996,,,
3234,,6997,,,
3235,,6998,,,
3236,,6999,,,
3237,,7000,,,
3238,,7001,,,
3239,,7005,,,
3240,,7039,,,
3241,,7040,,,
3242,,7041,,,
3243,,7042,,,
3244,,7043,,,
3245,,7044,,,
3246,,7045,,,
3247,,7046,,,
3248,,7047,,,
3249,,7050,,,
3250,,7051,,,
3251,,7052,,,
3252,,7053,,,
3253,,7054,,,
3254,,7055,,,
3255,,7056,,,
3256,,7057,,,
3257,,7058,,,
3258,,7059,,,
3259,,7060,,,
3260,,7061,,,
3261,,7065,,,
3262,,7066,,,
3263,,7067,,,
3264,,7068,,,
3265,,7069,,,
3266,,7070,,,
3267,,7071,,,
3268,,7076,,,
3269,,7077,,,
3270,,7079,,,
3271,,7080,,,
3272,,7081,,,
3273,,7082,,,
3274,,7083,,,
3275,,7084,,,
3276,,7085,,,
3277,,7086,,,
3278,,7087,,,
3279,,7088,,,
3280,,7089,,,
3281,,7090,,,
3282,,7091,,,
3283,,7092,,,
3284,,7093,,,
3285,,7094,,,
3286,,7095,,,
3287,,7096,,,
3288,,7097,,,
3289,,7098,,,
3290,,7101,,,
3291,,7102,,,
3292,,7103,,,
3293,,7104,,,
3294,,7105,,,
3295,,7106,,,
3296,,7107,,,
3297,,7108,,,
3298,,7109,,,
3299,,7110,,,
3300,,7111,,,
3301,,7112,,,
3302,,7113,,,
3303,,7114,,,
3304,,7115,,,
3305,,7116,,,
3306,,7117,,,
3307,,7118,,,
3308,,7119,,,
3309,,7120,,,
3310,,7121,,,
3311,,7122,,,
3312,,7123,,,
3313,,7124,,,
3314,,7125,,,
3315,,7126,,,
3316,,7127,,,
3317,,7128,,,
3318,,7129,,,
3319,,7137,,,
3320,,7138,,,
3321,,7139,,,
3322,,7144,,,
3323,,7145,,,
3324,,7146,,,
3325,,7147,,,
3326,,7148,,,
3327,,7149,,,
3328,,7151,,,
3329,,7152,,,
3330,,7153,,,
3331,,7154,,,
3332,,7155,,,
3333,,7156,,,
3334,,7157,,,
3335,,7158,,,
3336,,7159,,,
3337,,7160,,,
3338,,7161,,,
3339,,7162,,,
3340,,7163,,,
3341,,7164,,,
3342,,7165,,,
3343,,7166,,,
3344,,7167,,,
3345,,7168,,,
3346,,7169,,,
3347,,7170,,,
3348,,7171,,,
3349,,7172,,,
3350,,7173,,,
3351,,7174,,,
3352,,7175,,,
3353,,7176,,,
3354,,7177,,,
3355,,7178,,,
3356,,7179,,,
3357,,7180,,,
3358,,7181,,,
3359,,7182,,,
3360,,7183,,,
3361,,7184,,,
3362,,7185,,,
3363,,7186,,,
3364,,7187,,,
3365,,7188,,,
3366,,7189,,,
3367,,7190,,,
3368,,7191,,,
3369,,7192,,,
3370,,7193,,,
3371,,7194,,,
3372,,7195,,,
3373,,7196,,,
3374,,7197,,,
3375,,7198,,,
3376,,7199,,,
3377,,7200,,,
3378,,7201,,,
3379,,7202,,,
3380,,7203,,,
3381,,7204,,,
3382,,7205,,,
3383,,7206,,,
3384,,7207,,,
3385,,7208,,,
3386,,7209,,,
3387,,7210,,,
3388,,7211,,,
3389,,7212,,,
3390,,7213,,,
3391,,7214,,,
3392,,7215,,,
3393,,7216,,,
3394,,7217,,,
3395,,7218,,,
3396,,7219,,,
3397,,7220,,,
3398,,7221,,,
3399,,7222,,,
3400,,7223,,,
3401,,7224,,,
3402,,7225,,,
3403,,7226,,,
3404,,7227,,,
3405,,7228,,,
3406,,7229,,,
3407,,7230,,,
3408,,7231,,,
3409,,7232,,,
3410,,7233,,,
3411,,7234,,,
3412,,7235,,,
3413,,7236,,,
3414,,7237,,,
3415,,7238,,,
3416,,7239,,,
3417,,7240,,,
3418,,7241,,,
3419,,7242,,,
3420,,7243,,,
3421,,7244,,,
3422,,7245,,,
3423,,7246,,,
3424,,7247,,,
3425,,7248,,,
3426,,7249,,,
3427,,7250,,,
3428,,7252,,,
3429,,7253,,,
3430,,7254,,,
3431,,7255,,,
3432,,7256,,,
3433,,7257,,,
3434,,7259,,,
3435,,7260,,,
3436,,7261,,,
3437,,7262,,,
3438,,7263,,,
3439,,7264,,,
3440,,7265,,,
3441,,7266,,,
3442,,7267,,,
3443,,7268,,,
3444,,7269,,,
3445,,7270,,,
3446,,7271,,,
3447,,7272,,,
3448,,7273,,,
3449,,7274,,,
3450,,7275,,,
3451,,7276,,,
3452,,7277,,,
3453,,7278,,,
3454,,7280,,,
3455,,7281,,,
3456,,7282,,,
3457,,7283,,,
3458,,7284,,,
3459,,7285,,,
3460,,7286,,,
3461,,7287,,,
3462,,7288,,,
3463,,7290,,,
3464,,7292,,,
3465,,7293,,,
3466,,7294,,,
3467,,7295,,,
3468,,7296,,,
3469,,7297,,,
3470,,7298,,,
3471,,7299,,,
3472,,7300,,,
3473,,7301,,,
3474,,7302,,,
3475,,7303,,,
3476,,7304,,,
3477,,7305,,,
3478,,7306,,,
3479,,7307,,,
3480,,7308,,,
3481,,7309,,,
3482,,7317,,,
3483,,7331,,,
3484,,7332,,,
3485,,7333,,,
3486,,7338,,,
3487,,7339,,,
3488,,7340,,,
3489,,7341,,,
3490,,7342,,,
3491,,7343,,,
3492,,7344,,,
3493,,7345,,,
3494,,7346,,,
3495,,7347,,,
3496,,7348,,,
3497,,7349,,,
3498,,7350,,,
3499,,7351,,,
3500,,7352,,,
3501,,7353,,,
3502,,7354,,,
3503,,7355,,,
3504,,7356,,,
3505,,7357,,,
3506,,7358,,,
3507,,7359,,,
3508,,7364,,,
3509,,7366,,,
3510,,7371,,,
3511,,7373,,,
3512,,7374,,,
3513,,7375,,,
3514,,7376,,,
3515,,7377,,,
3516,,7378,,,
3517,,7379,,,
3518,,7380,,,
3519,,7381,,,
3520,,7383,,,
3521,,7384,,,
3522,,7385,,,
3523,,7386,,,
3524,,7387,,,
3525,,7388,,,
3526,,7389,,,
3527,,7390,,,
3528,,7391,,,
3529,,7392,,,
3530,,7393,,,
3531,,7394,,,
3532,,7395,,,
3533,,7396,,,
3534,,7400,,,
3535,,7401,,,
3536,,7402,,,
3537,,7403,,,
3538,,7404,,,
3539,,7405,,,
3540,,7406,,,
3541,,7407,,,
3542,,7408,,,
3543,,7409,,,
3544,,7410,,,
3545,,7411,,,
3546,,7412,,,
3547,,7413,,,
3548,,7414,,,
3549,,7415,,,
3550,,7416,,,
3551,,7417,,,
3552,,7418,,,
3553,,7419,,,
3554,,7420,,,
3555,,7421,,,
3556,,7422,,,
3557,,7423,,,
3558,,7424,,,
3559,,7425,,,
3560,,7426,,,
3561,,7427,,,
3562,,7428,,,
3563,,7429,,,
3564,,7430,,,
3565,,7431,,,
3566,,7432,,,
3567,,7433,,,
3568,,7434,,,
3569,,7435,,,
3570,,7436,,,
3571,,7437,,,
3572,,7439,,,
3573,,7440,,,
3574,,7441,,,
3575,,7442,,,
3576,,7445,,,
3577,,7446,,,
3578,,7447,,,
3579,,7450,,,
3580,,7459,,,
3581,,7460,,,
3582,,7461,,,
3583,,7462,,,
3584,,7464,,,
3585,,7466,,,
3586,,7467,,,
3587,,7469,,,
3588,,7470,,,
3589,,7471,,,
3590,,7472,,,
3591,,7476,,,
3592,,7477,,,
3593,,7478,,,
3594,,7479,,,
3595,,7480,,,
3596,,7481,,,
3597,,7482,,,
3598,,7484,,,
3599,,7488,,,
3600,,7492,,,
3601,,7493,,,
3602,,7494,,,
3603,,7495,,,
3604,,7496,,,
3605,,7497,,,
3606,,7498,,,
3607,,7499,,,
3608,,7500,,,
3609,,7501,,,
3610,,7502,,,
3611,,7503,,,
3612,,7504,,,
3613,,7505,,,
3614,,7506,,,
3615,,7507,,,
3616,,7508,,,
3617,,7509,,,
3618,,7510,,,
3619,,7511,,,
3620,,7512,,,
3621,,7521,,,
3622,,7522,,,
3623,,7530,,,
3624,,7531,,,
3625,,7532,,,
3626,,7533,,,
3627,,7534,,,
3628,,7535,,,
3629,,7536,,,
3630,,7537,,,
3631,,7538,,,
3632,,7539,,,
3633,,7540,,,
3634,,7541,,,
3635,,7542,,,
3636,,7543,,,
3637,,7544,,,
3638,,7545,,,
3639,,7546,,,
3640,,7547,,,
3641,,7548,,,
3642,,7549,,,
3643,,7550,,,
3644,,7551,,,
3645,,7552,,,
3646,,7553,,,
3647,,7554,,,
3648,,7555,,,
3649,,7556,,,
3650,,7557,,,
3651,,7558,,,
3652,,7559,,,
3653,,7560,,,
3654,,7561,,,
3655,,7562,,,
3656,,7563,,,
3657,,7564,,,
3658,,7565,,,
3659,,7566,,,
3660,,7570,,,
3661,,7571,,,
3662,,7572,,,
3663,,7573,,,
3664,,7575,,,
3665,,7576,,,
3666,,7577,,,
3667,,7578,,,
3668,,7579,,,
3669,,7580,,,
3670,,7581,,,
3671,,7583,,,
3672,,7587,,,
3673,,7588,,,
3674,,7589,,,
3675,,7590,,,
3676,,7591,,,
3677,,7592,,,
3678,,7593,,,
3679,,7594,,,
3680,,7595,,,
3681,,7596,,,
3682,,7597,,,
3683,,7598,,,
3684,,7599,,,
3685,,7600,,,
3686,,7601,,,
3687,,7602,,,
3688,,7603,,,
3689,,7604,,,
3690,,7605,,,
3691,,7606,,,
3692,,7607,,,
3693,,7608,,,
3694,,7609,,,
3695,,7610,,,
3696,,7611,,,
3697,,7612,,,
3698,,7613,,,
3699,,7614,,,
3700,,7615,,,
3701,,7616,,,
3702,,7617,,,
3703,,7618,,,
3704,,7619,,,
3705,,7620,,,
3706,,7621,,,
3707,,7622,,,
3708,,7623,,,
3709,,7624,,,
3710,,7625,,,
3711,,7626,,,
3712,,7627,,,
3713,,7628,,,
3714,,7629,,,
3715,,7630,,,
3716,,7631,,,
3717,,7632,,,
3718,,7633,,,
3719,,7634,,,
3720,,7635,,,
3721,,7636,,,
3722,,7637,,,
3723,,7638,,,
3724,,7639,,,
3725,,7640,,,
3726,,7641,,,
3727,,7642,,,
3728,,7643,,,
3729,,7644,,,
3730,,7645,,,
3731,,7653,,,
3732,,7654,,,
3733,,7655,,,
3734,,7656,,,
3735,,7657,,,
3736,,7658,,,
3737,,7659,,,
3738,,7660,,,
3739,,7661,,,
3740,,7662,,,
3741,,7663,,,
3742,,7664,,,
3743,,7666,,,
3744,,7667,,,
3745,,7668,,,
3746,,7669,,,
3747,,7670,,,
3748,,7671,,,
3749,,7672,,,
3750,,7673,,,
3751,,7674,,,
3752,,7675,,,
3753,,7676,,,
3754,,7677,,,
3755,,7678,,,
3756,,7679,,,
3757,,7680,,,
3758,,7681,,,
3759,,7682,,,
3760,,7683,,,
3761,,7684,,,
3762,,7685,,,
3763,,7686,,,
3764,,7687,,,
3765,,7689,,,
3766,,7690,,,
3767,,7692,,,
3768,,7693,,,
3769,,7694,,,
3770,,7695,,,
3771,,7696,,,
3772,,7697,,,
3773,,7698,,,
3774,,7699,,,
3775,,7700,,,
3776,,7701,,,
3777,,7702,,,
3778,,7703,,,
3779,,7704,,,
3780,,7705,,,
3781,,7706,,,
3782,,7707,,,
3783,,7708,,,
3784,,7709,,,
3785,,7710,,,
3786,,7711,,,
3787,,7712,,,
3788,,7713,,,
3789,,7714,,,
3790,,7715,,,
3791,,7716,,,
3792,,7717,,,
3793,,7718,,,
3794,,7719,,,
3795,,7720,,,
3796,,7721,,,
3797,,7722,,,
3798,,7723,,,
3799,,7724,,,
3800,,7725,,,
3801,,7726,,,
3802,,7727,,,
3803,,7728,,,
3804,,7729,,,
3805,,7730,,,
3806,,7731,,,
3807,,7732,,,
3808,,7733,,,
3809,,7734,,,
3810,,7735,,,
3811,,7736,,,
3812,,7738,,,
3813,,7739,,,
3814,,7740,,,
3815,,7741,,,
3816,,7742,,,
3817,,7743,,,
3818,,7744,,,
3819,,7745,,,
3820,,7746,,,
3821,,7747,,,
3822,,7748,,,
3823,,7749,,,
3824,,7750,,,
3825,,7751,,,
3826,,7752,,,
3827,,7753,,,
3828,,7754,,,
3829,,7755,,,
3830,,7756,,,
3831,,7757,,,
3832,,7758,,,
3833,,7759,,,
3834,,7761,,,
3835,,7762,,,
3836,,7763,,,
3837,,7764,,,
3838,,7765,,,
3839,,7766,,,
3840,,7768,,,
3841,,7769,,,
3842,,7770,,,
3843,,7771,,,
3844,,7772,,,
3845,,7773,,,
3846,,7774,,,
3847,,7775,,,
3848,,7776,,,
3849,,7777,,,
3850,,7778,,,
3851,,7779,,,
3852,,7780,,,
3853,,7781,,,
3854,,7782,,,
3855,,7783,,,
3856,,7784,,,
3857,,7785,,,
3858,,7786,,,
3859,,7787,,,
3860,,7788,,,
3861,,7789,,,
3862,,7790,,,
3863,,7791,,,
3864,,7792,,,
3865,,7793,,,
3866,,7794,,,
3867,,7795,,,
3868,,7796,,,
3869,,7797,,,
3870,,7798,,,
3871,,7799,,,
3872,,7800,,,
3873,,7801,,,
3874,,7802,,,
3875,,7803,,,
3876,,7804,,,
3877,,7805,,,
3878,,7806,,,
3879,,7807,,,
3880,,7808,,,
3881,,7809,,,
3882,,7810,,,
3883,,7811,,,
3884,,7812,,,
3885,,7813,,,
3886,,7814,,,
3887,,7815,,,
3888,,7816,,,
3889,,7817,,,
3890,,7818,,,
3891,,7819,,,
3892,,7820,,,
3893,,7821,,,
3894,,7822,,,
3895,,7823,,,
3896,,7824,,,
3897,,7825,,,
3898,,7827,,,
3899,,7830,,,
3900,,7832,,,
3901,,7833,,,
3902,,7836,,,
3903,,7837,,,
3904,,7839,,,
3905,,7860,,,
3906,,7868,,,
3907,,7869,,,
3908,,7870,,,
3909,,7871,,,
3910,,7872,,,
3911,,7873,,,
3912,,7886,,,
3913,,7888,,,
3914,,7893,,,
3915,,7894,,,
3916,,7895,,,
3917,,7897,,,
3918,,7898,,,
3919,,7899,,,
3920,,7900,,,
3921,,7901,,,
3922,,7902,,,
3923,,7903,,,
3924,,7904,,,
3925,,7905,,,
3926,,7906,,,
3927,,7910,,,
3928,,7911,,,
3929,,7912,,,
3930,,7913,,,
3931,,7914,,,
3932,,7915,,,
3933,,7916,,,
3934,,7917,,,
3935,,7918,,,
3936,,7919,,,
3937,,7920,,,
3938,,7921,,,
3939,,7922,,,
3940,,7923,,,
3941,,7925,,,
3942,,7926,,,
3943,,7927,,,
3944,,7932,,,
3945,,7933,,,
3946,,7934,,,
3947,,7957,,,
3948,,7958,,,
3949,,7959,,,
3950,,7972,,,
3951,,7985,,,
3952,,7986,,,
3953,,7987,,,
3954,,7989,,,
3955,,7990,,,
3956,,7991,,,
3957,,7992,,,
3958,,7993,,,
3959,,7994,,,
3960,,7995,,,
3961,,7996,,,
3962,,7997,,,
3963,,7998,,,
3964,,7999,,,
3965,,8000,,,
3966,,8001,,,
3967,,8002,,,
3968,,8003,,,
3969,,8004,,,
3970,,8005,,,
3971,,8006,,,
3972,,8007,,,
3973,,8008,,,
3974,,8009,,,
3975,,8011,,,
3976,,8012,,,
3977,,8013,,,
3978,,8022,,,
3979,,8023,,,
3980,,8024,,,
3981,,8026,,,
3982,,8028,,,
3983,,8029,,,
3984,,8031,,,
3985,,8032,,,
3986,,8034,,,
3987,,8035,,,
3988,,8036,,,
3989,,8037,,,
3990,,8038,,,
3991,,8039,,,
3992,,8040,,,
3993,,8041,,,
3994,,8042,,,
3995,,8043,,,
3996,,8044,,,
3997,,8045,,,
3998,,8046,,,
3999,,8047,,,
4000,,8048,,,
4001,,8049,,,
4002,,8052,,,
4003,,8053,,,
4004,,8056,,,
4005,,8059,,,
4006,,8062,,,
4007,,8178,,,
4008,,8179,,,
4009,,8181,,,
4010,,8182,,,
4011,,8183,,,
4012,,8187,,,
4013,,8188,,,
4014,,8192,,,
4015,,8193,,,
4016,,8195,,,
4017,,8218,,,
4018,,8221,,,
4019,,8225,,,
4020,,8226,,,
4021,,8227,,,
4022,,8228,,,
4023,,8229,,,
4024,,8230,,,
4025,,8248,,,
4026,,8249,,,
4027,,8250,,,
4028,,8251,,,
4029,,8252,,,
4030,,8253,,,
4031,,8256,,,
4032,,8258,,,
4033,,8269,,,
4034,,8271,,,
4035,,8272,,,
4036,,8273,,,
4037,,8275,,,
4038,,8377,,,
4039,,8378,,,
4040,,8407,,,
4041,,8410,,,
4042,,8411,,,
4043,,8412,,,
4044,,8414,,,
4045,,8415,,,
4046,,8420,,,
4047,,8421,,,
4048,,8422,,,
4049,,8424,,,
4050,,8425,,,
4051,,8432,,,
4052,,8443,,,
4053,,8444,,,
4054,,8447,,,
4055,,8448,,,
4056,,8449,,,
4057,,8486,,,
4058,,8487,,,
4059,,8503,,,
4060,,8505,,,
4061,,8506,,,
4062,,8507,,,
4063,,8508,,,
4064,,8509,,,
4065,,8510,,,
4066,,8511,,,
4067,,8513,,,
4068,,8514,,,
4069,,8515,,,
4070,,8516,,,
4071,,8517,,,
4072,,8518,,,
4073,,8519,,,
4074,,8520,,,
4075,,8521,,,
4076,,8522,,,
4077,,8523,,,
4078,,8524,,,
4079,,8525,,,
4080,,8526,,,
4081,,8527,,,
4082,,8528,,,
4083,,8529,,,
4084,,8530,,,
4085,,8531,,,
4086,,8532,,,
4087,,8533,,,
4088,,8534,,,
4089,,8535,,,
4090,,8536,,,
4091,,8537,,,
4092,,8538,,,
4093,,8539,,,
4094,,8540,,,
4095,,8544,,,
4096,,8545,,,
4097,,8547,,,
4098,,8548,,,
4099,,8549,,,
4100,,8550,,,
4101,,8551,,,
4102,,8552,,,
4103,,8553,,,
4104,,8554,,,
4105,,8555,,,
4106,,8556,,,
4107,,8557,,,
4108,,8558,,,
4109,,8559,,,
4110,,8560,,,
4111,,8561,,,
4112,,8566,,,
4113,,8567,,,
4114,,8568,,,
4115,,8569,,,
4116,,8570,,,
4117,,8571,,,
4118,,8572,,,
4119,,8573,,,
4120,,8574,,,
4121,,8576,,,
4122,,8577,,,
4123,,8580,,,
4124,,8581,,,
4125,,8582,,,
4126,,8583,,,
4127,,8584,,,
4128,,8585,,,
4129,,8586,,,
4130,,8587,,,
4131,,8588,,,
4132,,8589,,,
4133,,8590,,,
4134,,8591,,,
4135,,8592,,,
4136,,8593,,,
4137,,8594,,,
4138,,8595,,,
4139,,8596,,,
4140,,8597,,,
4141,,8598,,,
4142,,8599,,,
4143,,8600,,,
4144,,8602,,,
4145,,8603,,,
4146,,8604,,,
4147,,8606,,,
4148,,8607,,,
4149,,8608,,,
4150,,8609,,,
4151,,8612,,,
4152,,8614,,,
4153,,8615,,,
4154,,8616,,,
4155,,8617,,,
4156,,8618,,,
4157,,8620,,,
4158,,8622,,,
4159,,8623,,,
4160,,8624,,,
4161,,8627,,,
4162,,8628,,,
4163,,8631,,,
4164,,8632,,,
4165,,8633,,,
4166,,8634,,,
4167,,8635,,,
4168,,8637,,,
4169,,8639,,,
4170,,8640,,,
4171,,8643,,,
4172,,8644,,,
4173,,8646,,,
4174,,8667,,,
4175,,8668,,,
4176,,8669,,,
4177,,8670,,,
4178,,8674,,,
4179,,8676,,,
4180,,8677,,,
4181,,8678,,,
4182,,8679,,,
4183,,8680,,,
4184,,8681,,,
4185,,8682,,,
4186,,8685,,,
4187,,8686,,,
4188,,8694,,,
4189,,9121,,,
4190,,9186,,,
4191,,9203,,,
4192,,9204,,,
4193,,9205,,,
4194,,9206,,,
4195,,9207,,,
4196,,9208,,,
4197,,9209,,,
4198,,9783,,,
4199,,9789,,,
4200,,9791,,,
4201,,9792,,,
4202,,9793,,,
4203,,9798,,,
4204,,9804,,,
4205,,9805,,,
4206,,9808,,,
4207,,9809,,,
4208,,9816,,,
4209,,9817,,,
4210,,9818,,,
4211,,9819,,,
4212,,9820,,,
4213,,9821,,,
4214,,9822,,,
4215,,9823,,,
4216,,9828,,,
4217,,9832,,,
4218,,9833,,,
4219,,9834,,,
4220,,9837,,,
4221,,9838,,,
4222,,9840,,,
4223,,9859,,,
4224,,9924,,,
4225,,9933,,,
4226,,9935,,,
4227,,9936,,,
4228,,9937,,,
4229,,9938,,,
4230,,9939,,,
4231,,9940,,,
4232,,9941,,,
4233,,9942,,,
4234,,9943,,,
4235,,9944,,,
4236,,9945,,,
4237,,9946,,,
4238,,9947,,,
4239,,9948,,,
4240,,9949,,,
4241,,9950,,,
4242,,9951,,,
4243,,9952,,,
4244,,9953,,,
4245,,9954,,,
4246,,9955,,,
4247,,9956,,,
4248,,9957,,,
4249,,9958,,,
4250,,9959,,,
4251,,9960,,,
4252,,9961,,,
4253,,9962,,,
4254,,9963,,,
4255,,9964,,,
4256,,9965,,,
4257,,9966,,,
4258,,9967,,,
4259,,9969,,,
4260,,9970,,,
4261,,9971,,,
4262,,9972,,,
4263,,9973,,,
4264,,9974,,,
4265,,9975,,,
4266,,9976,,,
4267,,9977,,,
4268,,9979,,,
4269,,9980,,,
4270,,9981,,,
4271,,9994,,,
4272,,9995,,,
4273,,9996,,,
4274,,9997,,,
4275,,9998,,,
4276,,9999,,,
4277,,10000,,,
4278,,10001,,,
4279,,10002,,,
4280,,10035,,,
4281,,10039,,,
4282,,10040,,,
4283,,10049,,,
4284,,10051,,,
4285,,10052,,,
4286,,10054,,,
4287,,10055,,,
4288,,10056,,,
4289,,10057,,,
4290,,10058,,,
4291,,10059,,,
4292,,10060,,,
4293,,10064,,,
4294,,10065,,,
4295,,10066,,,
4296,,10067,,,
4297,,10069,,,
4298,,10070,,,
4299,,10072,,,
4300,,10073,,,
4301,,10074,,,
4302,,10075,,,
4303,,10076,,,
4304,,10077,,,
4305,,10078,,,
4306,,10079,,,
4307,,10080,,,
4308,,10081,,,
4309,,10082,,,
4310,,10083,,,
4311,,10084,,,
4312,,10087,,,
4313,,10088,,,
4314,,10089,,,
4315,,10090,,,
4316,,10091,,,
4317,,10092,,,
4318,,10093,,,
4319,,10094,,,
4320,,10095,,,
4321,,10096,,,
4322,,10097,,,
4323,,10098,,,
4324,,10099,,,
4325,,10100,,,
4326,,10101,,,
4327,,10102,,,
4328,,10104,,,
4329,,10105,,,
4330,,10106,,,
4331,,10107,,,
4332,,10108,,,
4333,,10109,,,
4334,,10110,,,
4335,,10111,,,
4336,,10112,,,
4337,,10113,,,
4338,,10114,,,
4339,,10118,,,
4340,,10119,,,
4341,,10120,,,
4342,,10121,,,
4343,,10122,,,
4344,,10123,,,
4345,,10124,,,
4346,,10125,,,
4347,,10126,,,
4348,,10127,,,
4349,,10128,,,
4350,,10129,,,
4351,,10130,,,
4352,,10132,,,
4353,,10133,,,
4354,,10134,,,
4355,,10141,,,
4356,,10142,,,
4357,,10143,,,
4358,,10144,,,
4359,,10145,,,
4360,,10146,,,
4361,,10148,,,
4362,,10149,,,
4363,,10150,,,
4364,,10151,,,
4365,,10152,,,
4366,,10153,,,
4367,,10154,,,
4368,,10155,,,
4369,,10156,,,
4370,,10157,,,
4371,,10158,,,
4372,,10159,,,
4373,,10160,,,
4374,,10161,,,
4375,,10162,,,
4376,,10163,,,
4377,,10167,,,
4378,,10168,,,
4379,,10169,,,
4380,,10170,,,
4381,,10171,,,
4382,,10172,,,
4383,,10173,,,
4384,,10175,,,
4385,,10176,,,
4386,,10177,,,
4387,,10178,,,
4388,,10179,,,
4389,,10180,,,
4390,,10181,,,
4391,,10182,,,
4392,,10183,,,
4393,,10184,,,
4394,,10185,,,
4395,,10186,,,
4396,,10187,,,
4397,,10188,,,
4398,,10189,,,
4399,,10190,,,
4400,,10191,,,
4401,,10192,,,
4402,,10193,,,
4403,,10194,,,
4404,,10195,,,
4405,,10196,,,
4406,,10197,,,
4407,,10198,,,
4408,,10199,,,
4409,,10200,,,
4410,,10201,,,
4411,,10202,,,
4412,,10203,,,
4413,,10204,,,
4414,,10205,,,
4415,,10206,,,
4416,,10208,,,
4417,,10209,,,
4418,,10210,,,
4419,,10211,,,
4420,,10212,,,
4421,,10216,,,
4422,,10228,,,
4423,,10231,,,
4424,,10232,,,
4425,,10233,,,
4426,,10234,,,
4427,,10235,,,
4428,,10236,,,
4429,,10237,,,
4430,,10238,,,
4431,,10244,,,
4432,,10245,,,
4433,,10247,,,
4434,,10248,,,
4435,,10249,,,
4436,,10250,,,
4437,,10251,,,
4438,,10252,,,
4439,,10253,,,
4440,,10254,,,
4441,,10255,,,
4442,,10256,,,
4443,,10257,,,
4444,,10258,,,
4445,,10259,,,
4446,,10304,,,
4447,,10306,,,
4448,,10307,,,
4449,,10308,,,
4450,,10309,,,
4451,,10310,,,
4452,,10311,,,
4453,,10312,,,
4454,,10313,,,
4455,,10314,,,
4456,,10315,,,
4457,,10331,,,
4458,,10333,,,
4459,,10352,,,
4460,,10354,,,
4461,,10355,,,
4462,,10356,,,
4463,,10357,,,
4464,,10358,,,
4465,,10359,,,
4466,,10363,,,
4467,,10364,,,
4468,,10365,,,
4469,,10366,,,
4470,,10367,,,
4471,,10368,,,
4472,,10369,,,
4473,,10372,,,
4474,,10373,,,
4475,,10374,,,
4476,,10375,,,
4477,,10376,,,
4478,,10378,,,
4479,,10379,,,
4480,,10380,,,
4481,,10383,,,
4482,,10384,,,
4483,,10385,,,
4484,,10387,,,
4485,,10388,,,
4486,,10389,,,
4487,,10390,,,
4488,,10391,,,
4489,,10392,,,
4490,,10393,,,
4491,,10394,,,
4492,,10395,,,
4493,,10396,,,
4494,,10397,,,
4495,,10398,,,
4496,,10399,,,
4497,,10400,,,
4498,,10401,,,
4499,,10402,,,
4500,,10403,,,
4501,,10404,,,
4502,,10405,,,
4503,,10406,,,
4504,,10407,,,
4505,,10408,,,
4506,,10409,,,
4507,,10410,,,
4508,,10411,,,
4509,,10412,,,
4510,,10413,,,
4511,,10414,,,
4512,,10415,,,
4513,,10416,,,
4514,,10417,,,
4515,,10419,,,
4516,,10424,,,
4517,,10425,,,
4518,,10426,,,
4519,,10427,,,
4520,,10428,,,
4521,,10429,,,
4522,,10430,,,
4523,,10431,,,
4524,,10432,,,
4525,,10433,,,
4526,,10434,,,
4527,,10435,,,
4528,,10445,,,
4529,,10447,,,
4530,,10448,,,
4531,,10450,,,
4532,,10451,,,
4533,,10452,,,
4534,,10453,,,
4535,,10457,,,
4536,,10458,,,
4537,,10459,,,
4538,,10460,,,
4539,,10462,,,
4540,,10463,,,
4541,,10464,,,
4542,,10465,,,
4543,,10466,,,
4544,,10467,,,
4545,,10468,,,
4546,,10469,,,
4547,,10471,,,
4548,,10472,,,
4549,,10473,,,
4550,,10474,,,
4551,,10478,,,
4552,,10479,,,
4553,,10480,,,
4554,,10485,,,
4555,,10486,,,
4556,,10523,,,
4557,,10539,,,
4558,,10576,,,
4559,,10586,,,
4560,,10590,,,
4561,,10592,,,
4562,,10593,,,
4563,,10594,,,
4564,,10595,,,
4565,,10605,,,
4566,,10606,,,
4567,,10617,,,
4568,,10618,,,
4569,,10646,,,
4570,,10657,,,
4571,,10658,,,
4572,,10659,,,
4573,,10690,,,
4574,,10704,,,
4575,,10707,,,
4576,,10733,,,
4577,,10734,,,
4578,,10761,,,
4579,,10762,,,
4580,,10763,,,
4581,,10764,,,
4582,,10765,,,
4583,,10766,,,
4584,,10767,,,
4585,,10768,,,
4586,,10769,,,
4587,,10770,,,
4588,,10771,,,
4589,,10772,,,
4590,,10773,,,
4591,,10774,,,
4592,,10775,,,
4593,,10776,,,
4594,,10812,,,
4595,,10813,,,
4596,,10823,,,
4597,,10825,,,
4598,,10827,,,
4599,,10830,,,
4600,,10831,,,
4601,,10832,,,
4602,,10833,,,
4603,,10835,,,
4604,,10836,,,
4605,,10837,,,
4606,,10838,,,
4607,,10839,,,
4608,,10840,,,
4609,,10841,,,
4610,,10842,,,
4611,,10844,,,
4612,,10846,,,
4613,,10847,,,
4614,,10848,,,
4615,,10849,,,
4616,,10851,,,
4617,,10852,,,
4618,,10853,,,
4619,,10868,,,
4620,,10908,,,
4621,,10909,,,
4622,,10910,,,
4623,,10911,,,
4624,,10912,,,
4625,,10913,,,
4626,,10914,,,
4627,,10915,,,
4628,,10916,,,
4629,,10917,,,
4630,,10918,,,
4631,,10935,,,
4632,,10936,,,
4633,,10937,,,
4634,,10968,,,
4635,,10971,,,
4636,,10973,,,
4637,,10979,,,
4638,,10980,,,
4639,,10981,,,
4640,,10982,,,
4641,,10983,,,
4642,,10984,,,
4643,,10985,,,
4644,,10986,,,
4645,,10987,,,
4646,,10990,,,
4647,,10995,,,
4648,,10996,,,
4649,,11012,,,
4650,,11013,,,
4651,,11025,,,
4652,,11026,,,
4653,,11027,,,
4654,,11028,,,
4655,,11031,,,
4656,,11032,,,
4657,,11033,,,
4658,,11034,,,
4659,,11073,,,
4660,,11112,,,
4661,,11115,,,
4662,,11116,,,
4663,,11117,,,
4664,,11118,,,
4665,,11119,,,
4666,,11120,,,
4667,,11121,,,
4668,,11124,,,
4669,,11125,,,
4670,,11126,,,
4671,,11128,,,
4672,,11130,,,
4673,,11131,,,
4674,,11134,,,
4675,,11148,,,
4676,,11149,,,
4677,,11150,,,
4678,,11151,,,
4679,,11152,,,
4680,,11153,,,
4681,,11154,,,
4682,,11155,,,
4683,,11156,,,
4684,,11157,,,
4685,,11166,,,
4686,,11167,,,
4687,,11168,,,
4688,,11181,,,
4689,,11182,,,
4690,,11183,,,
4691,,11184,,,
4692,,11197,,,
4693,,11200,,,
4694,,11202,,,
4695,,11203,,,
4696,,11204,,,
4697,,11208,,,
4698,,11209,,,
4699,,11210,,,
4700,,11211,,,
4701,,11212,,,
4702,,11213,,,
4703,,11216,,,
4704,,11217,,,
4705,,11219,,,
4706,,11220,,,
4707,,11223,,,
4708,,11224,,,
4709,,11225,,,
4710,,11232,,,
4711,,11233,,,
4712,,11234,,,
4713,,11235,,,
4714,,11236,,,
4715,,11237,,,
4716,,11238,,,
4717,,11239,,,
4718,,11240,,,
4719,,11241,,,
4720,,11242,,,
4721,,11243,,,
4722,,11245,,,
4723,,11249,,,
4724,,11264,,,
4725,,11267,,,
4726,,11268,,,
4727,,11272,,,
4728,,11274,,,
4729,,11275,,,
4730,,11276,,,
4731,,11277,,,
4732,,11279,,,
4733,,11284,,,
4734,,11289,,,
4735,,11290,,,
4736,,11293,,,
4737,,11294,,,
4738,,11295,,,
4739,,11298,,,
4740,,11299,,,
4741,,11300,,,
4742,,11301,,,
4743,,11302,,,
4744,,11303,,,
4745,,11304,,,
4746,,11305,,,
4747,,11306,,,
4748,,11307,,,
4749,,11308,,,
4750,,11309,,,
4751,,11310,,,
4752,,11311,,,
4753,,11312,,,
4754,,11313,,,
4755,,11314,,,
4756,,11315,,,
4757,,11316,,,
4758,,11317,,,
4759,,11318,,,
4760,,11319,,,
4761,,11320,,,
4762,,11321,,,
4763,,11324,,,
4764,,11336,,,
4765,,11338,,,
4766,,11339,,,
4767,,11340,,,
4768,,11341,,,
4769,,11342,,,
4770,,11343,,,
4771,,11344,,,
4772,,11345,,,
4773,,11346,,,
4774,,11347,,,
4775,,11348,,,
4776,,11349,,,
4777,,11350,,,
4778,,11352,,,
4779,,11353,,,
4780,,11355,,,
4781,,11356,,,
4782,,11360,,,
4783,,11361,,,
4784,,11362,,,
4785,,11363,,,
4786,,11368,,,
4787,,11400,,,
4788,,11401,,,
4789,,11403,,,
4790,,11404,,,
4791,,11405,,,
4792,,11408,,,
4793,,11409,,,
4794,,11410,,,
4795,,11413,,,
4796,,11415,,,
4797,,11420,,,
4798,,11422,,,
4799,,11424,,,
4800,,11426,,,
4801,,11427,,,
4802,,11428,,,
4803,,11429,,,
4804,,11430,,,
4805,,11431,,,
4806,,11432,,,
4807,,11433,,,
4808,,11434,,,
4809,,11439,,,
4810,,11440,,,
4811,,11441,,,
4812,,11442,,,
4813,,11444,,,
4814,,11445,,,
4815,,11446,,,
4816,,11447,,,
4817,,11448,,,
4818,,11449,,,
4819,,11450,,,
4820,,11453,,,
4821,,11454,,,
4822,,11455,,,
4823,,11457,,,
4824,,11458,,,
4825,,11460,,,
4826,,11461,,,
4827,,11475,,,
4828,,11507,,,
4829,,11508,,,
4830,,11511,,,
4831,,11512,,,
4832,,11513,,,
4833,,11514,,,
4834,,11516,,,
4835,,11522,,,
4836,,11523,,,
4837,,11525,,,
4838,,11526,,,
4839,,11527,,,
4840,,11528,,,
4841,,11529,,,
4842,,11530,,,
4843,,11531,,,
4844,,11532,,,
4845,,11533,,,
4846,,11534,,,
4847,,11540,,,
4848,,11541,,,
4849,,11542,,,
4850,,11544,,,
4851,,11546,,,
4852,,11547,,,
4853,,11548,,,
4854,,11549,,,
4855,,11550,,,
4856,,11551,,,
4857,,11552,,,
4858,,11553,,,
4859,,11554,,,
4860,,11555,,,
4861,,11556,,,
4862,,11557,,,
4863,,11558,,,
4864,,11584,,,
4865,,11593,,,
4866,,11594,,,
4867,,11595,,,
4868,,11596,,,
4869,,11610,,,
4870,,11611,,,
4871,,11612,,,
4872,,11613,,,
4873,,11614,,,
4874,,11615,,,
4875,,11616,,,
4876,,11617,,,
4877,,11618,,,
4878,,11619,,,
4879,,11620,,,
4880,,11621,,,
4881,,11622,,,
4882,,11623,,,
4883,,11624,,,
4884,,11625,,,
4885,,11626,,,
4886,,11627,,,
4887,,11628,,,
4888,,11629,,,
4889,,11630,,,
4890,,11634,,,
4891,,11636,,,
4892,,11637,,,
4893,,11638,,,
4894,,11639,,,
4895,,11640,,,
4896,,11641,,,
4897,,11642,,,
4898,,11644,,,
4899,,11646,,,
4900,,11647,,,
4901,,11648,,,
4902,,11649,,,
4903,,11652,,,
4904,,11653,,,
4905,,11654,,,
4906,,11655,,,
4907,,11656,,,
4908,,11657,,,
4909,,11658,,,
4910,,11660,,,
4911,,11661,,,
4912,,11662,,,
4913,,11663,,,
4914,,11664,,,
4915,,11665,,,
4916,,11677,,,
4917,,11681,,,
4918,,11702,,,
4919,,11703,,,
4920,,11704,,,
4921,,11706,,,
4922,,11707,,,
4923,,11709,,,
4924,,11710,,,
4925,,11711,,,
4926,,11712,,,
4927,,11713,,,
4928,,11714,,,
4929,,11715,,,
4930,,11716,,,
4931,,11717,,,
4932,,11718,,,
4933,,11719,,,
4934,,11720,,,
4935,,11721,,,
4936,,11722,,,
4937,,11723,,,
4938,,11724,,,
4939,,11725,,,
4940,,11726,,,
4941,,11727,,,
4942,,11728,,,
4943,,11729,,,
4944,,11730,,,
4945,,11731,,,
4946,,11732,,,
4947,,11733,,,
4948,,11734,,,
4949,,11735,,,
4950,,11736,,,
4951,,11737,,,
4952,,11738,,,
4953,,11739,,,
4954,,11750,,,
4955,,11754,,,
4956,,11755,,,
4957,,11767,,,
4958,,11784,,,
4959,,11785,,,
4960,,11786,,,
4961,,11787,,,
4962,,11788,,,
4963,,11792,,,
4964,,11800,,,
4965,,11810,,,
4966,,11837,,,
4967,,11838,,,
4968,,11839,,,
4969,,11840,,,
4970,,11841,,,
4971,,11842,,,
4972,,11878,,,
4973,,11879,,,
4974,,11881,,,
4975,,11882,,,
4976,,11883,,,
4977,,11884,,,
4978,,11885,,,
4979,,11901,,,
4980,,11902,,,
4981,,11903,,,
4982,,11904,,,
4983,,11905,,,
4984,,11906,,,
4985,,11907,,,
4986,,11908,,,
4987,,11909,,,
4988,,11912,,,
4989,,11913,,,
4990,,11914,,,
4991,,11915,,,
4992,,11916,,,
4993,,11923,,,
4994,,11924,,,
4995,,11925,,,
4996,,11926,,,
4997,,11927,,,
4998,,11928,,,
4999,,11929,,,
5000,,11930,,,
5001,,11931,,,
5002,,11932,,,
5003,,11933,,,
5004,,11934,,,
5005,,11935,,,
5006,,11936,,,
5007,,11937,,,
5008,,11938,,,
5009,,11939,,,
5010,,11940,,,
5011,,11941,,,
5012,,11942,,,
5013,,11943,,,
5014,,11944,,,
5015,,11945,,,
5016,,11946,,,
5017,,11947,,,
5018,,11948,,,
5019,,11949,,,
5020,,11950,,,
5021,,11951,,,
5022,,11952,,,
5023,,11953,,,
5024,,11954,,,
5025,,11963,,,
5026,,11964,,,
5027,,11965,,,
5028,,11966,,,
5029,,11967,,,
5030,,11968,,,
5031,,12016,,,
5032,,12017,,,
5033,,12030,,,
5034,,12031,,,
5035,,12032,,,
5036,,12034,,,
5037,,12035,,,
5038,,12037,,,
5039,,12038,,,
5040,,12039,,,
5041,,12040,,,
5042,,12043,,,
5043,,12048,,,
5044,,12049,,,
5045,,12052,,,
5046,,12053,,,
5047,,12054,,,
5048,,12055,,,
5049,,12056,,,
5050,,12059,,,
5051,,12060,,,
5052,,12064,,,
5053,,12071,,,
5054,,12074,,,
5055,,12075,,,
5056,,12076,,,
5057,,12094,,,
5058,,12098,,,
5059,,12099,,,
5060,,12100,,,
5061,,12101,,,
5062,,12102,,,
5063,,12103,,,
5064,,12104,,,
5065,,12105,,,
5066,,12106,,,
5067,,12107,,,
5068,,12108,,,
5069,,12109,,,
5070,,12120,,,
5071,,12121,,,
5072,,12122,,,
5073,,12123,,,
5074,,12124,,,
5075,,12125,,,
5076,,12128,,,
5077,,12155,,,
5078,,12156,,,
5079,,12157,,,
5080,,12158,,,
5081,,12159,,,
5082,,12162,,,
5083,,12166,,,
5084,,12167,,,
5085,,12168,,,
5086,,12170,,,
5087,,12171,,,
5088,,12178,,,
5089,,12184,,,
5090,,12185,,,
5091,,12186,,,
5092,,12187,,,
5093,,12188,,,
5094,,12189,,,
5095,,12192,,,
5096,,12193,,,
5097,,12194,,,
5098,,12195,,,
5099,,12196,,,
5100,,12197,,,
5101,,12199,,,
5102,,12200,,,
5103,,12201,,,
5104,,12202,,,
5105,,12203,,,
5106,,12204,,,
5107,,12205,,,
5108,,12206,,,
5109,,12207,,,
5110,,12208,,,
5111,,12209,,,
5112,,12210,,,
5113,,12211,,,
5114,,12212,,,
5115,,12213,,,
5116,,12214,,,
5117,,12215,,,
5118,,12216,,,
5119,,12217,,,
5120,,12218,,,
5121,,12220,,,
5122,,12224,,,
5123,,12226,,,
5124,,12228,,,
5125,,12230,,,
5126,,12231,,,
5127,,12232,,,
5128,,12234,,,
5129,,12240,,,
5130,,12242,,,
5131,,12243,,,
5132,,12244,,,
5133,,12251,,,
5134,,12253,,,
5135,,12254,,,
5136,,12255,,,
5137,,12256,,,
5138,,12257,,,
5139,,12258,,,
5140,,12260,,,
5141,,12261,,,
5142,,12262,,,
5143,,12263,,,
5144,,12273,,,
5145,,12274,,,
5146,,12276,,,
5147,,12277,,,
5148,,12278,,,
5149,,12279,,,
5150,,12280,,,
5151,,12281,,,
5152,,12282,,,
5153,,12286,,,
5154,,12287,,,
5155,,12288,,,
5156,,12289,,,
5157,,12291,,,
5158,,12294,,,
5159,,12301,,,
5160,,12306,,,
5161,,12311,,,
5162,,12316,,,
5163,,12322,,,
5164,,12324,,,
5165,,12325,,,
5166,,12326,,,
5167,,12327,,,
5168,,12328,,,
5169,,12335,,,
5170,,12345,,,
5171,,12346,,,
5172,,12363,,,
5173,,12364,,,
5174,,12365,,,
5175,,12366,,,
5176,,12367,,,
5177,,12368,,,
5178,,12369,,,
5179,,12373,,,
5180,,12377,,,
5181,,12397,,,
5182,,12398,,,
5183,,12404,,,
5184,,12412,,,
5185,,12414,,,
5186,,12415,,,
5187,,12416,,,
5188,,12419,,,
5189,,12420,,,
5190,,12425,,,
5191,,12439,,,
5192,,12440,,,
5193,,12441,,,
5194,,12442,,,
5195,,12443,,,
5196,,12444,,,
5197,,12464,,,
5198,,12465,,,
5199,,12466,,,
5200,,12467,,,
5201,,12468,,,
5202,,12469,,,
5203,,12470,,,
5204,,12471,,,
5205,,12472,,,
5206,,12473,,,
5207,,12474,,,
5208,,12475,,,
5209,,12476,,,
5210,,12477,,,
5211,,12478,,,
5212,,12479,,,
5213,,12480,,,
5214,,12481,,,
5215,,12482,,,
5216,,12483,,,
5217,,12509,,,
5218,,12510,,,
5219,,12511,,,
5220,,12512,,,
5221,,12517,,,
5222,,12522,,,
5223,,12524,,,
5224,,12592,,,
5225,,12593,,,
5226,,12602,,,
5227,,12663,,,
5228,,12664,,,
5229,,12666,,,
5230,,12668,,,
5231,,12669,,,
5232,,12670,,,
5233,,12671,,,
5234,,12673,,,
5235,,12674,,,
5236,,12675,,,
5237,,12676,,,
5238,,12677,,,
5239,,12678,,,
5240,,12679,,,
5241,,12752,,,
5242,,12753,,,
5243,,12754,,,
5244,,12763,,,
5245,,12764,,,
5246,,12765,,,
5247,,12766,,,
5248,,12767,,,
5249,,12768,,,
5250,,12773,,,
5251,,12774,,,
5252,,12775,,,
5253,,12776,,,
5254,,12777,,,
5255,,12778,,,
5256,,12779,,,
5257,,12784,,,
5258,,12786,,,
5259,,12787,,,
5260,,12788,,,
5261,,12789,,,
5262,,12790,,,
5263,,12791,,,
5264,,12792,,,
5265,,12793,,,
5266,,12794,,,
5267,,12795,,,
5268,,12796,,,
5269,,12797,,,
5270,,12798,,,
5271,,12799,,,
5272,,12800,,,
5273,,12801,,,
5274,,12802,,,
5275,,12803,,,
5276,,12804,,,
5277,,12805,,,
5278,,12806,,,
5279,,12807,,,
5280,,12808,,,
5281,,12809,,,
5282,,12811,,,
5283,,12812,,,
5284,,12813,,,
5285,,12814,,,
5286,,12815,,,
5287,,12816,,,
5288,,12817,,,
5289,,12820,,,
5290,,12821,,,
5291,,12822,,,
5292,,12823,,,
5293,,12824,,,
5294,,12825,,,
5295,,12826,,,
5296,,12827,,,
5297,,12828,,,
5298,,12829,,,
5299,,12830,,,
5300,,12831,,,
5301,,12832,,,
5302,,12833,,,
5303,,12834,,,
5304,,12835,,,
5305,,12836,,,
5306,,12837,,,
5307,,12838,,,
5308,,12839,,,
5309,,12840,,,
5310,,12846,,,
5311,,12847,,,
5312,,12848,,,
5313,,12849,,,
5314,,12851,,,
5315,,12852,,,
5316,,12853,,,
5317,,12854,,,
5318,,12856,,,
5319,,12860,,,
5320,,12890,,,
5321,,12891,,,
5322,,12892,,,
5323,,12893,,,
5324,,12894,,,
5325,,12895,,,
5326,,12896,,,
5327,,12897,,,
5328,,12900,,,
5329,,12951,,,
5330,,13018,,,
5331,,13019,,,
5332,,13020,,,
5333,,13057,,,
5334,,13058,,,
5335,,13059,,,
5336,,13084,,,
5337,,13100,,,
5338,,13101,,,
5339,,13102,,,
5340,,13106,,,
5341,,13107,,,
5342,,13108,,,
5343,,13111,,,
5344,,13112,,,
5345,,13113,,,
5346,,13118,,,
5347,,13119,,,
5348,,13120,,,
5349,,13128,,,
5350,,13172,,,
5351,,13226,,,
5352,,13272,,,
5353,,13293,,,
5354,,13298,,,
5355,,13308,,,
5356,,13345,,,
5357,,13346,,,
5358,,13372,,,
5359,,13423,,,
5360,,13424,,,
5361,,13426,,,
5362,,13429,,,
5363,,13448,,,
5364,,13450,,,
5365,,13451,,,
5366,,13452,,,
5367,,13453,,,
5368,,13454,,,
5369,,13456,,,
5370,,13457,,,
5371,,13458,,,
5372,,13459,,,
5373,,13460,,,
5374,,13461,,,
5375,,13462,,,
5376,,13466,,,
5377,,13467,,,
5378,,13468,,,
5379,,13469,,,
5380,,13470,,,
5381,,13471,,,
5382,,13473,,,
5383,,13475,,,
5384,,13476,,,
5385,,13477,,,
5386,,13478,,,
5387,,13479,,,
5388,,13480,,,
5389,,13481,,,
5390,,13482,,,
5391,,13483,,,
5392,,13484,,,
5393,,13485,,,
5394,,13486,,,
5395,,13487,,,
5396,,13488,,,
5397,,13489,,,
5398,,13490,,,
5399,,13491,,,
5400,,13492,,,
5401,,13493,,,
5402,,13494,,,
5403,,13495,,,
5404,,13496,,,
5405,,13497,,,
5406,,13498,,,
5407,,13499,,,
5408,,13526,,,
5409,,13527,,,
5410,,13551,,,
5411,,13552,,,
5412,,13638,,,
5413,,13640,,,
5414,,13641,,,
5415,,13646,,,
5416,,13662,,,
5417,,13663,,,
5418,,13664,,,
5419,,13665,,,
5420,,13666,,,
5421,,13667,,,
5422,,13668,,,
5423,,13714,,,
5424,,13715,,,
5425,,13716,,,
5426,,13717,,,
5427,,13718,,,
5428,,13719,,,
5429,,13720,,,
5430,,13721,,,
5431,,13722,,,
5432,,13723,,,
5433,,13724,,,
5434,,13725,,,
5435,,13726,,,
5436,,13727,,,
5437,,13728,,,
5438,,13729,,,
5439,,13730,,,
5440,,13731,,,
5441,,13732,,,
5442,,13733,,,
5443,,13734,,,
5444,,13740,,,
5445,,13742,,,
5446,,13743,,,
5447,,13744,,,
5448,,13745,,,
5449,,13746,,,
5450,,13747,,,
5451,,13748,,,
5452,,13751,,,
5453,,13752,,,
5454,,13753,,,
5455,,13754,,,
5456,,13755,,,
5457,,13756,,,
5458,,13757,,,
5459,,13758,,,
5460,,13759,,,
5461,,13769,,,
5462,,13771,,,
5463,,13772,,,
5464,,13773,,,
5465,,13781,,,
5466,,13783,,,
5467,,13784,,,
5468,,13785,,,
5469,,13803,,,
5470,,13804,,,
5471,,13805,,,
5472,,13809,,,
5473,,13810,,,
5474,,13811,,,
5475,,13813,,,
5476,,13814,,,
5477,,14921,,,
5478,,15326,,,
5479,,15327,,,
5480,,15331,,,
5481,,15335,,,
5482,,15338,,,
5483,,15361,,,
5484,,15362,,,
5485,,15363,,,
5486,,15365,,,
5487,,15369,,,
5488,,16034,,,
5489,,16068,,,
5490,,16070,,,
5491,,16076,,,
5492,,16079,,,
5493,,16080,,,
5494,,16081,,,
5495,,16082,,,
5496,,16122,,,
5497,,16126,,,
5498,,16127,,,
5499,,16128,,,
5500,,16129,,,
5501,,16130,,,
5502,,16131,,,
5503,,16133,,,
5504,,16134,,,
5505,,16135,,,
5506,,16148,,,
5507,,16149,,,
5508,,16150,,,
5509,,16151,,,
5510,,16152,,,
5511,,16153,,,
5512,,16154,,,
5513,,16170,,,
5514,,16171,,,
5515,,16172,,,
5516,,16173,,,
5517,,16174,,,
5518,,16175,,,
5519,,16176,,,
5520,,16177,,,
5521,,16178,,,
5522,,16179,,,
5523,,16180,,,
5524,,16181,,,
5525,,16182,,,
5526,,16183,,,
5527,,16184,,,
5528,,16185,,,
5529,,16186,,,
5530,,16187,,,
5531,,16188,,,
5532,,16189,,,
5533,,16190,,,
5534,,16191,,,
5535,,16192,,,
5536,,16193,,,
5537,,16194,,,
5538,,16195,,,
5539,,16196,,,
5540,,16197,,,
5541,,16198,,,
5542,,16199,,,
5543,,16200,,,
5544,,16201,,,
5545,,16202,,,
5546,,16203,,,
5547,,16204,,,
5548,,16205,,,
5549,,16206,,,
5550,,16207,,,
5551,,16208,,,
5552,,16209,,,
5553,,16210,,,
5554,,16211,,,
5555,,16212,,,
5556,,16213,,,
5557,,16214,,,
5558,,16215,,,
5559,,16216,,,
5560,,16217,,,
5561,,16218,,,
5562,,16219,,,
5563,,16220,,,
5564,,16221,,,
5565,,16222,,,
5566,,16223,,,
5567,,16224,,,
5568,,16225,,,
5569,,16226,,,
5570,,16227,,,
5571,,16228,,,
5572,,16229,,,
5573,,16230,,,
5574,,16231,,,
5575,,16232,,,
5576,,16233,,,
5577,,16234,,,
5578,,16235,,,
5579,,16236,,,
5580,,16237,,,
5581,,16238,,,
5582,,16239,,,
5583,,16240,,,
5584,,16241,,,
5585,,16242,,,
5586,,16243,,,
5587,,16244,,,
5588,,16245,,,
5589,,16246,,,
5590,,16247,,,
5591,,16248,,,
5592,,16249,,,
5593,,16250,,,
5594,,16251,,,
5595,,16252,,,
5596,,16253,,,
5597,,16254,,,
5598,,16255,,,
5599,,16256,,,
5600,,16257,,,
5601,,16258,,,
5602,,16259,,,
5603,,16260,,,
5604,,16261,,,
5605,,16262,,,
5606,,16263,,,
5607,,16264,,,
5608,,16265,,,
5609,,16266,,,
5610,,16267,,,
5611,,16268,,,
5612,,16269,,,
5613,,16270,,,
5614,,16271,,,
5615,,16277,,,
5616,,16280,,,
5617,,16281,,,
5618,,16291,,,
5619,,16292,,,
5620,,16296,,,
5621,,16297,,,
5622,,16298,,,
5623,,16299,,,
5624,,16300,,,
5625,,16301,,,
5626,,16302,,,
5627,,16303,,,
5628,,16306,,,
5629,,16307,,,
5630,,16308,,,
5631,,16309,,,
5632,,16323,,,
5633,,16324,,,
5634,,16325,,,
5635,,16326,,,
5636,,16348,,,
5637,,16379,,,
5638,,16602,,,
5639,,16604,,,
5640,,16605,,,
5641,,16606,,,
5642,,16709,,,
5643,,16736,,,
5644,,16741,,,
5645,,16748,,,
5646,,16753,,,
5647,,16757,,,
5648,,16760,,,
5649,,16761,,,
5650,,16762,,,
5651,,16763,,,
5652,,16764,,,
5653,,16765,,,
5654,,16766,,,
5655,,16767,,,
5656,,16769,,,
5657,,16770,,,
5658,,16785,,,
5659,,16793,,,
5660,,16868,,,
5661,,16877,,,
5662,,16878,,,
5663,,16879,,,
5664,,16880,,,
5665,,16881,,,
5666,,16882,,,
5667,,16883,,,
5668,,16884,,,
5669,,16885,,,
5670,,16886,,,
5671,,16887,,,
5672,,16888,,,
5673,,16889,,,
5674,,16890,,,
5675,,16891,,,
5676,,16892,,,
5677,,16893,,,
5678,,16894,,,
5679,,16895,,,
5680,,16896,,,
5681,,16897,,,
5682,,16898,,,
5683,,16899,,,
5684,,16916,,,
5685,,16920,,,
5686,,16924,,,
5687,,16925,,,
5688,,16926,,,
5689,,16927,,,
5690,,16932,,,
5691,,16936,,,
5692,,16937,,,
5693,,16938,,,
5694,,16939,,,
5695,,16940,,,
5696,,16941,,,
5697,,16942,,,
5698,,16946,,,
5699,,16947,,,
5700,,16948,,,
5701,,16953,,,
5702,,17010,,,
5703,,17011,,,
5704,,17012,,,
5705,,17013,,,
5706,,17014,,,
5707,,17018,,,
5708,,17020,,,
5709,,17021,,,
5710,,17022,,,
5711,,17023,,,
5712,,17024,,,
5713,,17025,,,
5714,,17026,,,
5715,,17027,,,
5716,,17028,,,
5717,,17045,,,
5718,,17046,,,
5719,,17048,,,
5720,,17053,,,
5721,,17066,,,
5722,,17067,,,
5723,,17068,,,
5724,,17069,,,
5725,,17070,,,
5726,,17071,,,
5727,,17072,,,
5728,,17073,,,
5729,,17074,,,
5730,,17075,,,
5731,,17076,,,
5732,,17077,,,
5733,,17078,,,
5734,,17079,,,
5735,,17080,,,
5736,,17081,,,
5737,,17082,,,
5738,,17083,,,
5739,,17084,,,
5740,,17085,,,
5741,,17086,,,
5742,,17087,,,
5743,,17088,,,
5744,,17089,,,
5745,,17090,,,
5746,,17091,,,
5747,,17092,,,
5748,,17093,,,
5749,,17094,,,
5750,,17095,,,
5751,,17096,,,
5752,,17097,,,
5753,,17098,,,
5754,,17099,,,
5755,,17100,,,
5756,,17101,,,
5757,,17102,,,
5758,,17103,,,
5759,,17104,,,
5760,,17105,,,
5761,,17106,,,
5762,,17107,,,
5763,,17108,,,
5764,,17109,,,
5765,,17110,,,
5766,,17111,,,
5767,,17112,,,
5768,,17113,,,
5769,,17114,,,
5770,,17115,,,
5771,,17116,,,
5772,,17117,,,
5773,,17118,,,
5774,,17119,,,
5775,,17120,,,
5776,,17121,,,
5777,,17122,,,
5778,,17123,,,
5779,,17124,,,
5780,,17125,,,
5781,,17126,,,
5782,,17127,,,
5783,,17128,,,
5784,,17129,,,
5785,,17130,,,
5786,,17132,,,
5787,,17133,,,
5788,,17134,,,
5789,,17135,,,
5790,,17136,,,
5791,,17140,,,
5792,,17141,,,
5793,,17154,,,
5794,,17155,,,
5795,,17160,,,
5796,,17161,,,
5797,,17162,,,
5798,,17163,,,
5799,,17165,,,
5800,,17182,,,
5801,,17183,,,
5802,,17184,,,
5803,,17185,,,
5804,,17187,,,
5805,,17189,,,
5806,,17241,,,
5807,,17242,,,
5808,,17243,,,
5809,,17244,,,
5810,,17245,,,
5811,,17250,,,
5812,,17252,,,
5813,,17266,,,
5814,,17267,,,
5815,,17268,,,
5816,,17269,,,
5817,,17270,,,
5818,,17271,,,
5819,,17273,,,
5820,,17274,,,
5821,,17275,,,
5822,,17276,,,
5823,,17277,,,
5824,,17278,,,
5825,,17279,,,
5826,,17280,,,
5827,,17281,,,
5828,,17282,,,
5829,,17285,,,
5830,,17286,,,
5831,,17287,,,
5832,,17288,,,
5833,,17289,,,
5834,,17290,,,
5835,,17291,,,
5836,,17293,,,
5837,,17301,,,
5838,,17304,,,
5839,,17305,,,
5840,,17306,,,
5841,,17307,,,
5842,,17308,,,
5843,,17309,,,
5844,,17329,,,
5845,,17330,,,
5846,,17331,,,
5847,,17346,,,
5848,,17348,,,
5849,,17351,,,
5850,,17355,,,
5851,,17360,,,
5852,,17368,,,
5853,,17369,,,
5854,,17370,,,
5855,,17371,,,
5856,,17372,,,
5857,,17382,,,
5858,,17383,,,
5859,,17384,,,
5860,,17385,,,
5861,,17386,,,
5862,,17388,,,
5863,,17389,,,
5864,,17390,,,
5865,,17391,,,
5866,,17392,,,
5867,,17393,,,
5868,,17394,,,
5869,,17399,,,
5870,,17403,,,
5871,,17411,,,
5872,,17414,,,
5873,,17415,,,
5874,,17416,,,
5875,,17417,,,
5876,,17418,,,
5877,,17419,,,
5878,,17420,,,
5879,,17426,,,
5880,,17427,,,
5881,,17429,,,
5882,,17430,,,
5883,,17431,,,
5884,,17432,,,
5885,,17433,,,
5886,,17445,,,
5887,,17447,,,
5888,,17448,,,
5889,,17449,,,
5890,,17450,,,
5891,,17451,,,
5892,,17452,,,
5893,,17454,,,
5894,,17455,,,
5895,,17456,,,
5896,,17457,,,
5897,,17463,,,
5898,,17485,,,
5899,,17486,,,
5900,,17493,,,
5901,,17494,,,
5902,,17495,,,
5903,,17496,,,
5904,,17497,,,
5905,,17498,,,
5906,,17499,,,
5907,,17500,,,
5908,,17501,,,
5909,,17502,,,
5910,,17503,,,
5911,,17512,,,
5912,,17513,,,
5913,,17514,,,
5914,,17516,,,
5915,,17517,,,
5916,,17519,,,
5917,,17523,,,
5918,,17524,,,
5919,,17525,,,
5920,,17526,,,
5921,,17528,,,
5922,,17529,,,
5923,,17530,,,
5924,,17531,,,
5925,,17532,,,
5926,,17533,,,
5927,,17534,,,
5928,,17560,,,
5929,,17563,,,
5930,,17564,,,
5931,,17565,,,
5932,,17570,,,
5933,,17581,,,
5934,,17582,,,
5935,,17583,,,
5936,,17644,,,
5937,,17672,,,
5938,,17673,,,
5939,,17674,,,
5940,,17675,,,
5941,,17676,,,
5942,,17677,,,
5943,,17693,,,
5944,,17698,,,
5945,,17699,,,
5946,,17702,,,
5947,,17703,,,
5948,,17705,,,
5949,,17710,,,
5950,,17711,,,
5951,,17716,,,
5952,,17717,,,
5953,,17718,,,
5954,,17719,,,
5955,,17720,,,
5956,,17721,,,
5957,,17722,,,
5958,,17723,,,
5959,,17724,,,
5960,,17725,,,
5961,,17726,,,
5962,,17727,,,
5963,,17728,,,
5964,,17729,,,
5965,,17730,,,
5966,,17731,,,
5967,,17732,,,
5968,,17734,,,
5969,,17739,,,
5970,,17759,,,
5971,,17760,,,
5972,,17761,,,
5973,,17762,,,
5974,,17764,,,
5975,,17765,,,
5976,,17766,,,
5977,,17768,,,
5978,,17769,,,
5979,,17770,,,
5980,,17772,,,
5981,,17786,,,
5982,,17787,,,
5983,,17788,,,
5984,,17789,,,
5985,,17790,,,
5986,,17791,,,
5987,,17792,,,
5988,,17793,,,
5989,,17795,,,
5990,,17796,,,
5991,,17797,,,
5992,,17798,,,
5993,,17799,,,
5994,,17800,,,
5995,,17801,,,
5996,,17802,,,
5997,,17803,,,
5998,,17812,,,
5999,,17813,,,
6000,,17814,,,
6001,,17815,,,
6002,,17827,,,
6003,,17865,,,
6004,,17866,,,
6005,,17867,,,
6006,,17868,,,
6007,,17871,,,
6008,,17872,,,
6009,,17873,,,
6010,,17874,,,
6011,,17875,,,
6012,,17876,,,
6013,,17877,,,
6014,,17878,,,
6015,,17879,,,
6016,,17883,,,
6017,,17884,,,
6018,,17885,,,
6019,,17886,,,
6020,,17890,,,
6021,,17891,,,
6022,,17892,,,
6023,,17895,,,
6024,,17897,,,
6025,,17898,,,
6026,,17899,,,
6027,,17900,,,
6028,,17902,,,
6029,,18057,,,
6030,,18061,,,
6031,,18062,,,
6032,,18064,,,
6033,,18065,,,
6034,,18066,,,
6035,,18067,,,
6036,,18068,,,
6037,,18069,,,
6038,,18070,,,
6039,,18072,,,
6040,,18073,,,
6041,,18076,,,
6042,,18077,,,
6043,,18078,,,
6044,,18079,,,
6045,,18082,,,
6046,,18083,,,
6047,,18084,,,
6048,,18085,,,
6049,,18086,,,
6050,,18087,,,
6051,,18088,,,
6052,,18089,,,
6053,,18090,,,
6054,,18091,,,
6055,,18092,,,
6056,,18093,,,
6057,,18094,,,
6058,,18095,,,
6059,,18096,,,
6060,,18097,,,
6061,,18098,,,
6062,,18777,,,
6063,,18778,,,
6064,,18793,,,
6065,,18814,,,
6066,,18815,,,
6067,,18818,,,
6068,,18819,,,
6069,,18820,,,
6070,,18821,,,
6071,,18822,,,
6072,,18823,,,
6073,,18882,,,
6074,,18883,,,
6075,,18959,,,
6076,,18960,,,
6077,,18961,,,
6078,,18963,,,
6079,,18964,,,
6080,,18965,,,
6081,,18966,,,
6082,,18967,,,
6083,,18968,,,
6084,,18969,,,
6085,,18970,,,
6086,,18971,,,
6087,,18972,,,
6088,,18973,,,
6089,,18974,,,
6090,,18975,,,
6091,,18976,,,
6092,,18977,,,
6093,,18978,,,
6094,,18979,,,
6095,,18980,,,
6096,,18981,,,
6097,,18982,,,
6098,,18983,,,
6099,,18984,,,
6100,,18985,,,
6101,,18986,,,
6102,,18987,,,
6103,,18988,,,
6104,,18989,,,
6105,,18990,,,
6106,,18991,,,
6107,,18992,,,
6108,,18993,,,
6109,,18994,,,
6110,,18995,,,
6111,,18996,,,
6112,,18997,,,
6113,,18998,,,
6114,,18999,,,
6115,,19000,,,
6116,,19001,,,
6117,,19002,,,
6118,,19003,,,
6119,,19004,,,
6120,,19005,,,
6121,,19006,,,
6122,,19007,,,
6123,,19008,,,
6124,,19009,,,
6125,,19010,,,
6126,,19011,,,
6127,,19012,,,
6128,,19013,,,
6129,,19014,,,
6130,,19015,,,
6131,,19062,,,
6132,,19137,,,
6133,,19138,,,
6134,,19153,,,
6135,,19154,,,
6136,,19155,,,
6137,,19156,,,
6138,,19157,,,
6139,,19158,,,
6140,,19159,,,
6141,,19160,,,
6142,,19161,,,
6143,,19163,,,
6144,,19164,,,
6145,,19166,,,
6146,,19179,,,
6147,,19194,,,
6148,,19199,,,
6149,,19200,,,
6150,,19201,,,
6151,,19202,,,
6152,,19203,,,
6153,,19204,,,
6154,,19205,,,
6155,,19206,,,
6156,,19207,,,
6157,,19208,,,
6158,,19209,,,
6159,,19210,,,
6160,,19211,,,
6161,,19212,,,
6162,,19213,,,
6163,,19214,,,
6164,,19215,,,
6165,,19216,,,
6166,,19217,,,
6167,,19218,,,
6168,,19219,,,
6169,,19224,,,
6170,,19225,,,
6171,,19226,,,
6172,,19228,,,
6173,,19230,,,
6174,,19231,,,
6175,,19232,,,
6176,,19233,,,
6177,,19234,,,
6178,,19235,,,
6179,,19236,,,
6180,,19237,,,
6181,,19238,,,
6182,,19239,,,
6183,,19240,,,
6184,,19241,,,
6185,,19242,,,
6186,,19243,,,
6187,,19244,,,
6188,,19245,,,
6189,,19246,,,
6190,,19248,,,
6191,,19265,,,
6192,,19266,,,
6193,,19267,,,
6194,,19268,,,
6195,,19285,,,
6196,,19290,,,
6197,,20010,,,
6198,,20012,,,
6199,,20014,,,
6200,,20017,,,
6201,,20035,,,
6202,,20037,,,
6203,,20038,,,
6204,,20040,,,
6205,,20043,,,
6206,,20044,,,
6207,,20048,,,
6208,,20049,,,
6209,,20050,,,
6210,,20051,,,
6211,,20052,,,
6212,,20054,,,
6213,,20056,,,
6214,,20057,,,
6215,,20058,,,
6216,,20059,,,
6217,,20065,,,
6218,,20066,,,
6219,,20068,,,
6220,,20069,,,
6221,,20070,,,
6222,,20072,,,
6223,,20147,,,
6224,,20148,,,
6225,,20150,,,
6226,,20151,,,
6227,,20222,,,
6228,,20223,,,
6229,,20233,,,
6230,,20234,,,
6231,,20260,,,
6232,,20261,,,
6233,,20262,,,
6234,,20270,,,
6235,,20271,,,
6236,,20326,,,
6237,,20412,,,
6238,,20413,,,
6239,,20416,,,
6240,,20419,,,
6241,,20420,,,
6242,,20422,,,
6243,,20437,,,
6244,,20438,,,
6245,,20439,,,
6246,,20441,,,
6247,,20442,,,
6248,,20443,,,
6249,,20446,,,
6250,,20459,,,
6251,,20460,,,
6252,,20461,,,
6253,,20462,,,
6254,,20463,,,
6255,,20464,,,
6256,,20472,,,
6257,,20473,,,
6258,,20474,,,
6259,,20475,,,
6260,,20476,,,
6261,,20477,,,
6262,,20523,,,
6263,,20697,,,
6264,,20700,,,
6265,,20701,,,
6266,,20702,,,
6267,,20703,,,
6268,,20704,,,
6269,,20705,,,
6270,,20708,,,
6271,,20745,,,
6272,,21444,,,
6273,,21446,,,
6274,,21447,,,
6275,,21451,,,
6276,,21452,,,
6277,,22824,,,
6278,,22826,,,
6279,,22827,,,
6280,,22828,,,
6281,,22829,,,
6282,,22831,,,
6283,,22832,,,
6284,,22835,,,
6285,,22847,,,
6286,,22848,,,
6287,,22927,,,
6288,,22934,,,
6289,,22954,,,
6290,,22955,,,
6291,,22958,,,
6292,,22959,,,
6293,,22960,,,
6294,,22961,,,
6295,,22963,,,
6296,,22969,,,
6297,,22972,,,
6298,,22975,,,
6299,,22984,,,
6300,,22988,,,
6301,,22989,,,
6302,,22990,,,
6303,,22991,,,
6304,,22992,,,
6305,,22993,,,
6306,,23746,,,
6307,,23747,,,
